,userName,rating,isEdited,title,developerResponse,review,date,country
0,ADScanna,5,False,Super exp√©rience,"{'id': 9986638, 'body': ""Bonjour, Un grand merci pour tes 5 √©toiles et ton commentaire! :) Nous travaillons dur pour offrir le meilleur service √† nos utilisateurs, et nous sommes ravis de savoir que nous sommes sur la bonne voie! N'h√©site pas √† nous contacter si tu as la moindre question, et reste attentif √† l'appli, nous ajoutons de nouveaux plans tous les jours... ;) Merci d'utiliser Fever! Bien √† toi,  Fever Team"", 'modified': '2019-08-03T12:56:40Z'}","Je suis pass√© derni√®rement par l‚Äôinterm√©diaire de Fever pour assister √† un spectacle sur Paris. J‚Äôai √©t√© tr√®s satisfait par l‚Äôorganisation mise en place par Fever pour r√©pondre √† mes questions sur cet √©v√©nement. L‚Äô√©quipe s‚Äôest montr√©e tr√®s professionnelle et l‚Äôevent relay√© √©tait top !

Fever propose dans son catalogue une large √©tendue de sorties toutes plus inspirantes les unes que les autres. 

Je recommande Fever et utiliserai moi m√™me √† nouveau ce service !",2019-08-01 09:28:46,FR
1,AskAurelia,1,False,N‚Äôutilisez pas l‚Äôapplication Fever,"{'id': 27126956, 'body': ""Bonjour, Nous sommes navr√©s que votre exp√©rience n'ait pas √©t√© √† la hauteur de vos attentes. Nous vous invitons √† nous contacter √† customer_satisfaction@feverup.com afin que nous puissions vous apporter une solution."", 'modified': '2021-12-29T14:49:09Z'}","N‚Äôutilisez surtout pas l‚Äôapplication Fever pour faire vos achats. D√®s lors que vous effectuez un achat, vos coordonn√©es bancaires s‚Äôenregistrent automatiquement dans l‚Äôapplication et donnent lieu √† des achats intempestifs. 
Un achat m‚Äôa par exemple √©t√© d√©bit√© sans demande d‚Äôautorisation, ni code de validation lorsque je scrollais simplement dans l‚Äôapp. 
Autant vous dire que, m√™me si le service  apr√®s vente est bien au courant du dysfonctionnement (ils m‚Äôont stipul√© que je n‚Äô√©tais pas la seule √† qui cela √©tait arriv√©), aucune solution vous sera donn√© car les billets sont ¬´ ni √©changeables, ni remboursables ¬ª et qu‚Äôils ne veulent pas faire d‚Äôavoir. M√™me trouver une solution alternative comme trouver une place √† c√¥t√© de celle achet√© contre votre gr√© est au del√† de leur comp√©tence.
Prenez garde, et si comme moi vous vous √™tes fait vol√© par Fever, je vous invite √† signaler leurs abus √† la FEVAD ou √† la Commission Europ√©enne du r√®glement en ligne des litiges. 
Le droit des consommateurs stipule clairement que nous avons un droit de r√©tractation et qu‚Äôun achat en ligne doit √™tre valid√© par un code. Ce que ne permet pas leur application.",2021-12-21 19:54:06,FR
2,Nanis68,5,False,Qualit√© et rapidit√©,"{'id': 9370228, 'body': 'Bonjour,  Merci beaucoup pour tes 5 √©toiles! Notre objectif est que nos utilisateurs soient satisfaits, et nous sommes ravis de savoir que nous avons accompli notre mission! Nous restons √† ta disposition si tu as besoin de quoi que ce soit ;) Bien √† toi,   Fever Team', 'modified': '2019-06-26T21:56:04Z'}",J‚Äôai eu besoin d‚Äôune aide apr√®s des difficult√©s sur l‚Äôappli ! Une aide rapide et de qualit√© !,2019-06-22 12:06:41,FR
3,donprispa,4,False,Possibilit√© d‚Äô√©mettre des avis,,"Le site est parfait et les offres s√©lectionn√©es sont bien soign√©es. Toutefois, il faudrait laisser la possibilit√© aux participants de documenter leurs impressions (positives comme n√©gatives) apr√®s avoir particip√© √† un √©v√©nement. 

Cela vous permettra de voir les axes d‚Äôam√©lioration et ceux dont on doit maintenir le niveau.",2018-11-04 06:27:25,FR
4,tijopila,5,False,Service client,"{'id': 23522241, 'body': ""Bonjour, un grand merci pour votre retour ! Nous sommes ravis d'avoir pu vous aider et que vous appr√©ci√© notre application Fever ! En esp√©rant vous revoir tr√®s prochainement pour de nouvelles exp√©riences,\n\nBien cordialement,\n\nFever Team"", 'modified': '2021-06-22T11:17:17Z'}",Application tr√®s bien et service client tr√®s r√©actif,2021-06-20 10:04:09,FR
5,#pollinn92,4,False,Service client efficace,"{'id': 12596599, 'body': ""Bonjour, \nMerci pour ta note et ton commentaire! Nous faisons le maximum pour offrir le meilleur service √† nos utilisateurs, et ton commentaire nous fait tr√®s plaisir :)\nN'h√©site pas √† nous recontacter si tu as la moindre question, et reste attentive √† l'appli, nous ajoutons de nouveaux plans tous les jours...\nMerci d'utiliser Fever!\nBien √† toi,\nFever Team"", 'modified': '2019-12-26T13:52:29Z'}","J‚Äôai eu besoin d‚Äô√©changer des billets (probl√®me de date) pour un concert donc contact√© le service client par mail. Apr√®s un petit d√©lai (3 jours) j‚Äôai relanc√© le service et tout s‚Äôest r√©gl√© en quelques minutes, avec r√©ponses par mail quasi imm√©diates pour trouver une solution. Service client tes sympathique par ailleurs !",2019-12-22 14:22:34,FR
6,MARHML.,5,False,Qualit√© du service,,"Je suis agr√©ablement surprise par la qualit√© et la rapidit√© du service ! 
En effet j‚Äôavais un probl√®me de compte, j‚Äôenvoie un message via l‚Äôapplication et on m‚Äôa r√©pondu directement en me r√©glant le probl√®me ! Merci encore",2018-09-20 10:26:20,FR
7,sode75,1,False,Voleurs,"{'id': 16565148, 'body': ""Bonjour Sophie,\nNous sommes vraiment d√©sol√©s que tu aies eu une mauvaise exp√©rience. Comme nous l'avons confirm√© aupr√®s de l'organisateur, l'exposition pour laquelle tu avais achet√© un ticket √©tait bien ouverte. En raison des recommandations concernant le Covid-19, l'acc√®s √† certains √©tablissements peut se trouver modifi√©. Ainsi, comme nous te l'avons confirm√© lors de ton contact par chat le jour m√™me, les guichets √©taient ferm√©s (comme le montrent tes photos) et nous avons essay√© de t'aider √† trouver l'acc√®s puisqu'il fallait se rendre directement sur le toit.\nNous restons √† ta disposition si tu as besoin d'autre chose.\nBien √† toi,\nFever Team"", 'modified': '2020-07-12T11:46:10Z'}","Attention site malhonn√™te qui vend des places de sites ferm√©s et qui refusent de rembourser les exp√©riences qui n‚Äôont pas pu √™tre r√©alis√©es faute d‚Äôavoir pu acc√©der aux espaces. Service client d√©plorable. Un chat qui ne sert √† rien m√™me quand on les alerte en direct sur les difficult√©s rencontr√©es.  A √©viter de toute urgence
Contrairement √† ce que vous indiquez, la fille du chat ne m‚Äôa absolument pas aid√© √† trouver l‚Äôentr√©e. Elle √©tait d√©munie, je lui ai envoy√© les photos du site pour qu‚Äôelle constate en direct de la fermeture. Certes, sur internet, il √©tait indiqu√© que le site √©tait ouvert mais uniquement sur r√©servation et vous n‚Äôavez jamais confirm√© ma r√©servation ni demand√© de me rapprocher du site pour confirmer une r√©servation que j‚Äôavais r√©alis√©e via votre interm√©diaire. Vous avez pris l‚Äôargent sans faire le n√©cessaire aupr√®s de l‚Äôorganisateur, ne d√©tournez pas votre responsabilit√©",2020-07-06 05:28:37,FR
8,bylilas,5,False,Top,"{'id': 24170867, 'body': 'Bonjour ! Nous vous remercions pour votre retour :-) Nous sommes ravis que vous appr√©ciez notre application et les exp√©riences propos√©es :-) En cas de besoin, nos agents font toujours leur possible pour r√©pondre dans les plus brefs d√©lais. Bien cordialement,\n\nFever Team', 'modified': '2021-07-28T06:34:42Z'}","J ai utilis√© fever √† plusieurs reprises pour des √©v√©nements et √† chaque fois tout s‚Äôest bien pass√© mais je tiens surtout √† f√©liciter l‚Äô√©quipe pour leur r√©activit√© ! En effet j ai eu besoin de modifier une r√©servation et surprise, des √©changes rapides, sympathiques et pro!!!",2021-07-23 21:40:15,FR
9,mamat7515,1,False,Arnaque!!!!!,"{'id': 13993659, 'body': ""Bonjour Matthieu,\r\nNous sommes d√©sol√©s pour cette mauvaise exp√©rience :(\r\nN'h√©site pas √† nous contacter par email √† salut@feverup.com, chat ou t√©l√©phone, nous serons ravis de pouvoir t'aider et te proposer une solution. :)\r\nBien √† toi,\r\nFever Team"", 'modified': '2020-03-11T22:14:12Z'}","Une v√©ritable ARNAQUE !!! Personnel incomp√©tent dans tous les services t√©l√©phonique, mail et sur place! 
Nous avons achet√© nos place sur l‚Äôapplication pour un concert. Nous sommes arriv√©s pr√©cis√©ment 4 minutes en retard et avons √©t√© refus√© √† l‚Äôentr√©e. Nous n‚Äôavons jamais √©t√© avis√© par mail, sms, ou autre qu‚Äôil fallait arriv√© au minimum 20 minutes avant le d√©but! 
Le personnel sur place est tout simplement nul avec un comportement inadmissible, irrespectueux!!! Nous avons demand√© un remboursement qui pour eux n‚Äôest pas possible car ils se renvoient la balle, et un √©change de date mais cela reste trop compliqu√© pour r√©pondre aux mails que nous leur avons envoy√©. 
Bref cette soci√©t√© est √† √©viter fortement. Vous risquez de perdre votre argent et votre temps !!!",2020-03-09 23:17:32,FR
10,joe19872,4,False,Avis,"{'id': 25886700, 'body': ""Bonjour! Nous souhaitons vous remercier enormement pour vos commentaires! Ceux-ci, nous aident √† am√©liorer et √† vous offrir de nouvelles experiences plus qualitatives √† l'avenir. Salutations de la part de toute l‚Äô√©quipe."", 'modified': '2021-10-25T18:18:58Z'}",L‚Äôapplication serait vraiment top si l‚Äôon pouvais faire un panier et payer les place en group√©s.,2021-10-23 15:43:53,FR
11,Titou_8,5,False,Super,,Je n‚Äôai malheureusement pas pu participer √† l‚Äô√©v√©nement √† cause du COVID. Par contre je peux dire qu‚Äôils r√©pondent aux messages et rem√©dient aux probl√®mes. Service au top !,2020-10-12 17:24:04,FR
12,RACHO93100,5,False,Je recommande les services de Fever,"{'id': 16974515, 'body': ""Bonjour,\nMerci beaucoup d'avoir pris le temps de nous laisser ta note et ton commentaire :) Nous faisons le maximum pour offrir le meilleur service √† nos utilisateurs, m√™me en cette p√©riode de crise, et nous sommes ravis d'avoir pu t'aider.\nMerci d'utiliser Fever!\nBien √† toi,\nFever Team"", 'modified': '2020-07-30T08:55:00Z'}","Pour la premiere fois, j‚Äôai utilis√© les services de Fever pour assister avec des amis un event sur Paris.
L‚Äôevent n‚Äôayant pas pu avoir lieu en raison de la crise du Covid, ils m‚Äôont rapidement inform√© du report de l‚Äôevent et mis en place des solutions.
J‚Äôai eu plusieurs √©change avec eux de Avril jusqu‚Äôa  Juillet et j‚Äôai toujours pu constater la qualit√© des r√©ponses et des solutions mise en place pour moi.

Bref, je r√©utiliserais sans hesitations !!
RB",2020-07-18 10:16:12,FR
13,pauline_c,5,False,√âv√®nements originaux,,"J'ai d√©couvert r√©cemment fever et l'appli propose plein d'√©venements originaux, c'est top pour trouver des id√©es d'activit√©s, et le SAV est r√©actif.",2020-09-06 10:43:17,FR
14,Esther.J.P,5,False,Id√©es de sortie,,"Superbe site, qui propose des id√©es originales de sorties üòä",2018-06-10 11:13:54,FR
15,MaxM1979,1,False,Application compliqu√©e pour acc√©der aux tickets,"{'id': 25237578, 'body': ""Bonjour,\n\nNous sommes sinc√®rement navr√©s par cette incidence. Votre cas a peut-√™tre √©t√© mal analys√©. Pourriez-vous s'il vous pla√Æt nous contacter √† cette adresse mail: customer_satisfaction@feverup.com afin d'analyser de nouveau votre cas et de vous apporter une meilleure satisfaction?\n\nEn attente de votre mail √† cette adresse mail :)"", 'modified': '2021-09-21T21:17:34Z'}","Client r√©gulier chez Fever, je rencontre malgr√© tout tr√®s souvent des probl√®mes pour acc√©der aux billets. Les 2 derniers achats effectuons seront sans doute les derniers : tickets achet√© le pour un restaurant pour un anniversaire. Le jour m√™me, Fever annule les tickets sans donner d‚Äôexplication. Apr√®s avoir appel√© le restaurant, je constate qu‚Äôil a d√©cid√© de fermer le soir sans pr√©venir Fever. Et aujourd‚Äôhui : tickets achet√©s pour une croisi√®re sur la Seine : les tickets sont refus√©s car Fever ne met pas de code-barres sur ses tickets et le partenaire ne veut plus travailler avec Fever. Le comble est qu‚Äôil continue de vendre ces tickets sur Fever ‚Ä¶ impressionnant l‚Äôorganisation dans cette entreprise !!!",2021-09-12 16:31:10,FR
16,cutsla77,5,False,Service client irr√©prochable!,"{'id': 12724586, 'body': 'Bonjour,\nMerci beaucoup pour tes 5 √©toiles et ton commentaire! Notre objectif est que nos utilisateurs soient satisfaits, et nous sommes ravis de savoir que nous avons accompli notre mission! :) Nous restons √† ta disposition si tu as besoin de quoi que ce soit.\nBien √† toi,\nFever Team', 'modified': '2020-01-04T22:14:40Z'}","Help desk tr√®s sympa, r√©actif et efficace.
Je m‚Äô√©tais tromp√©e dans le choix de mon billet et ils ont accept√© de me rembourser exceptionnellement, ce qui ne se fait pas normalement. Je recommande!",2019-12-31 10:17:36,FR
17,Maroushka puce,5,False,Fever,,J‚Äôai √©t√© faire l‚Äôexp√©rience de casa de Papel et d‚Äôavoir l‚Äôapplication fut tr√®s pratique avoir des e billets parfait je la conseille √† tout le monde.,2021-09-08 14:56:47,FR
18,Waldmann,5,False,Ok,"{'id': 23649881, 'body': 'Merci pour votre commentaire si positif! Nous sommes ravis que votre exp√©rience avec nous vous ait plu. Nous vous recommandons de rester attentifs sur notre application Fever concernant les √©v√©nements et les opportunit√©s similaires.\n\nFever Team', 'modified': '2021-06-29T09:31:42Z'}",Un arrangement a pu √™tre trouv√© suite √† un incident sur les dates du spectacle choisi et j‚Äôai pu me rabattre sur le panel int√©ressant d‚Äô√©v√©nements propos√©s par le site.,2021-06-25 16:48:23,FR
19,clemmnd,1,False,Arnaque totale,"{'id': 24523709, 'body': ""Bonjour,\n\nNous sommes navr√©s pour les d√©sagr√©ments caus√©s. Nous vous invitons √† contacter nos √©quipes √† l'adresse suivante customer_satisfaction@feverup.com afin que nous puissions de nouveau analyser votre demande et vous apporter une solution dans les plus brefs d√©lais.\n\nBien √† vous,"", 'modified': '2021-08-16T08:54:20Z'}","Fever on est comment sur les droits de vos clients ? 1 an qu‚Äôon repousse un √©v√©nement (motif Covid donc compr√©hensible). Puis on choisi une nouvelle date, vous annulez au dernier moment sans motif valable et imposez une nouvelle date 3 mois apr√®s ? √âvidement nous ne sommes pas disponibles √† la date que nous n‚Äôavons pas choisi mais vous refusez de rembourser et voulez imposer un avoir dont nous ne voulons pas. Donc en r√©sum√© vous ne fournissez pas la prestation pay√©e mais vous refusez de rembourser ? Un bien bel exemple d‚Äôarnaque o√π seul votre petit profit est prioritaire. De quoi donner envie de r√©server des √©v√©nements chez vous ! Bravo pour cette belle mentalit√© ! üëè",2021-08-14 19:48:16,FR
20,pierrechaud,5,False,Super,"{'id': 9673996, 'body': ""Bonjour Pierre, Merci beaucoup pour tes 5 √©toiles! Fever te permet d√©j√† de filtrer les √©v√©nements par cat√©gorie, quartier et date, mais nous allons transf√©rer ta suggestion au service appropri√© pour pouvoir continuer √† am√©liorer l'appli. :) Merci d'utiliser Fever! Bien √† toi,  Fever Team"", 'modified': '2019-07-15T21:45:39Z'}",Application utile . Peut √™tre mettre les annonces d‚Äô√©v√®nements en fonction de la localisation de la personne.,2019-07-14 15:03:02,FR
21,soso7899,5,False,RAS,,"Appli magnifique, ergonomique, intuitive je n‚Äôen connais pas bcp comme cela mais rien que le visuel est tr√®s tr√®s bien fait. On dit toujours quand √ßa ne va pas mais faut dire quand c‚Äôest üëçüèæ",2018-11-11 23:14:37,FR
22,AliceDecat,1,False,Service client terrible,"{'id': 16975183, 'body': ""Bonjour Alice,\r\nNous sommes d√©sol√©s que tu aies eu une mauvaise exp√©rience :( \r Nous t'avons r√©pondu le 3 juillet et propos√© une solution, malheureusement nous n'avons pas re√ßu ton retour avant la date de l'√©v√©nement r√©serv√©. Nous essayons toujours d‚Äôaider nos utilisateurs autant que possible, mais nous devons aussi respecter les politiques de l'entreprise et de nos partenaires.\nNous restons √† ta disposition si tu as besoin d'autre chose.\nBien √† toi,\nFever Team"", 'modified': '2020-07-30T09:19:21Z'}","Tr√®s d√©√ßue du service client de l‚Äôapp. J‚Äôach√®te r√©guli√®rement des exp√©riences et lors d‚Äôune mauvaise manip ayant booke 2 fois, j‚Äôai tent√© de demander un remboursement, un cr√©dit ou la possibilit√© de refaire l‚Äôexp√©rience. J‚Äôai contact√© tous les jours sans r√©ponse √† mon probl√®me et en me r√©pondant √† la fin que j‚Äôavais contact√© apr√®s l‚Äôexp√©rience et qu‚Äôil √©tait donc trop tard (ce qui est faux). Un service client qui fait passer le client pour un menteur = le pire qui puisse exister.",2020-07-23 11:22:55,FR
23,toujoursaujourd'hui,1,False,Pire syst√®me,"{'id': 11932389, 'body': ""Bonjour,\nNous sommes d√©sol√©s pour cette mauvaise exp√©rience :( Normalement il suffit de montrer ton ticket dans l'appli pour profiter d'un √©v√©nement. Si tu as des questions sur le fonctionnement de Fever, n'h√©site pas √† nous contacter par email, chat ou t√©l√©phone, nous serons ravis de t'aider! :)\nBien √† toi,\nFever Team"", 'modified': '2019-11-19T13:21:35Z'}","C‚Äôest le pire syst√®me que j‚Äôai utilis√© pour acheter des billets. N‚Äôayant plus de place sur mon t√©l√©phone j‚Äôai t√©l√©charg√© l‚Äôapplication sur mon iPad, mon billet a bien √©t√© valid√©, Et je me le suis envoy√© par mail. Malheureusement √† l‚Äôentr√©e je n‚Äôavais pas mon iPad avec moi,  car je ne vais pas danser avec, Mais seulement mon t√©l√©phone avec le billet qui n‚Äô√©tait pas cliquable. Donc probl√®me jusqu‚Äô√† ce qu‚Äôune personne se d√©cide finalement √† sortir une liste sur laquelle il y avait bien mon nom.
Quel int√©r√™t d‚Äôobliger les gens √† t√©l√©charger une application pour aller a une soir√©e?",2019-11-01 19:38:47,FR
24,mgoguery,5,False,Super service et exp√©rience client!,,Une bonne appli pour trouver des plans int√©ressants! De plus un service client au top tr√®s r√©actif par chat puis par mail!,2018-05-13 19:40:46,FR
25,Ze Nikko,1,False,"Show annul√©, argent gard√©.","{'id': 21733770, 'body': ""Bonjour Nicolas,\nNous sommes d√©sol√©s pour les d√©sagr√©ments que les changements d√ªs aux restrictions gouvernementales aient pu te causer.\nCependant, nous avons v√©rifi√© ton dossier et constatons que nous t'avons confirm√© le remboursement de tes tickets le 30 novembre, soit le jour m√™me de ta premi√®re demande, et celui-ci a bien √©t√© effectu√© dans les 10 jours suivants.\nL'avoir qui avait √©t√© √©mis dans un premier temps √©tait bien du montant total de ton achat (200‚Ç¨), le coupon de 20‚Ç¨ dont tu parles correspond au montant de ton porte-monnaie du club Fever dont tu as b√©n√©fici√© en effectuant l'achat. ;)\nNous restons √† ta disposition si n√©cessaire.\nBien √† toi,"", 'modified': '2021-03-18T12:59:42Z'}","Voir les avis sur TrustPilot. 

R√©servation mi octobre pour un show le 6 novembre, valeur des 5 tickets 200‚Ç¨, le confinement tombe entre temps, nous recevons un mail nous informant qu‚Äôune nouvelle date sera communiqu√©. Comme BEAUCOUP d‚Äôautres utilisateurs nous n‚Äôavons ensuite plus eu de nouvelles et j‚Äôai appris aujourd‚Äôhui en les relan√ßant que le show est annul√©. Et que royalement en d√©dommagement ils offrent un coupon de 20‚Ç¨. 
Je comprends les restrictions d‚Äôannulation quand elles viennent du client, mais la elles viennent du prestataire qui en plus de garder l‚Äôargent n‚Äôoffre m√™me pas un avoir de la somme pay√©e. Une aum√¥ne de 10%
Nous allons √©galement saisir un association de consommateurs.",2020-12-08 12:56:10,FR
26,Rderosa,4,False,A rajouter un Calendrier,"{'id': 9136999, 'body': ""Bonjour, Merci pour ton commentaire! Fever te permet d√©j√† de filtrer les √©v√©nements par cat√©gorie, quartier et date (aujourd'hui, demain, cette semaine, ce week-end...) mais nous allons transf√©rer ta suggestion pour de futures versions de l'appli au service appropri√©. Merci de nous aider √† am√©liorer Fever encore un peu plus! :) Bien √† toi,  Fever Team"", 'modified': '2019-06-12T20:53:58Z'}","Il serait interessant et pratique du rajouter un calendrier afin de voir quels sont les √©v√©nements disponibles √† quelles dates, et voir par exemple ce qui est pr√©vu pour les jours √† venir, ou week-ends.",2019-06-05 10:19:35,FR
27,geraldine.charbonneaux,1,False,"Grosse arnaque, aucun service client en cas de probl√®me",,"J‚Äôai fais 1 r√©servation, et je me suis tromp√© de date d‚Äôun jour. J‚Äôai √©cris, appel√© et utilis√© le chat en moins de 24h‚Ä¶mais chaque service renvois sur un mail qui ne r√©pond pas pour vous laissez sans r√©ponse. Je sais que les conditions sont strictes, mais dans la loi de paiement informatique, j‚Äôai 7 jours pour me r√©tracter. Sachant que j‚Äôai r√©agis en moins de 24h, le service client vous laisse sans r√©ponse au del√† des 7 jours pour ne pas vous trouver de solution. Grosse arnaque. A ne pas conseiller dans un monde digital de customer centric, ils sont totalement √† c√¥t√©.",2022-02-06 13:20:55,FR
28,Hasan_nr,5,False,Super r√©actif et bon accueil,"{'id': 15300345, 'body': ""Bonjour Hasan, Un grand merci pour tes 5 √©toiles et ton commentaire! :) Nous travaillons dur pour offrir le meilleur service √† nos utilisateurs, et nous sommes ravis de savoir que nous sommes sur la bonne voie. N'h√©site pas √† nous contacter si tu as la moindre question... ;) Merci d'utiliser Fever! Bien √† toi, Fever Team"", 'modified': '2020-05-13T16:27:08Z'}","Bonjour,

C‚Äôest une belle entreprise, ils sont r√©actifs, (r√©pondent √† tout heure), bon accueil.
C‚Äôest vraiment une entreprise de r√©servation de loisirs auquel je peux conseiller √† tout le monde, ils ont un tr√®s bon service client.",2020-05-07 13:47:44,FR
29,stopfever,1,False,Stopfever,"{'id': 26858168, 'body': '""Bonjour,\n\nNous sommes sinc√®rement navr√©s par cette incidence. Votre cas a peut-√™tre √©t√© mal analys√©. Pourriez-vous s\'il vous pla√Æt nous contacter √† cette adresse mail: customer_satisfaction@feverup.com afin d\'analyser de nouveau votre cas et de vous apporter une meilleure satisfaction?\nEn attente de votre mail √† cette adresse mail :) ""', 'modified': '2021-12-15T20:05:42Z'}","Quelle arnaque. Quand vous appuyez sur commander et que votre carte est pr√©enregistr√©e, cela ne vous demande aucune confirmation, c‚Äôest pay√©. J‚Äôai appuy√© par erreur sur commander du coup je me suis retrouv√© √† avoir une place dont je ne voulais pas. Quand j‚Äôai contact√© le dite en expliquant mon erreur et que je voulais changer pour une autre date, ils m‚Äôont juste r√©pondu, c‚Äôest comme √ßa on ne rembourse pas. 
Valider une commande sans demander la moindre confirmation est √† la limite de la l√©galit√©. C‚Äôest une arnaque",2021-12-12 11:14:44,FR
30,Draw it if u CAN !,5,False,Excellente en tout point !,"{'id': 26256165, 'body': 'Bonjour,\n\nMerci pour votre commentaire ! Nous sommes heureux que notre application Fever vous plaise tant üòÑ\u200b\n\nBien √† vous, ![](https://backend.growthdot.com/reply-after-this/3495007_adfa0d48-f293-4367-83ec-60a981a4fb3b.gif)\n\nFever Team', 'modified': '2021-11-14T13:19:12Z'}",Enfin une app digne de 2021,2021-11-12 18:11:47,FR
31,NicolasMagnet,5,False,Cool!,"{'id': 16565167, 'body': ""Bonjour Nicolas,\nMerci pour ta note et ton commentaire! Nous sommes ravis que l'appli te plaise :) Nous transmettons ta suggestion au service concern√© pour pouvoir continuer √† nous am√©liorer. Merci d'utiliser Fever!\nBien √† toi,\nFever Team"", 'modified': '2020-07-12T11:49:20Z'}",Super app. Il serait super de pouvoir mettre ses billets dans l‚Äôapplication Wallet de l‚ÄôiPhone ‚ù§Ô∏è,2020-07-09 09:10:00,FR
32,Barreaudechaise,1,False,Des choses √† revoir,"{'id': 25273975, 'body': ""Bonjour, nous sommes navr√©s que cette exp√©rience n'ait pas √©t√© positive pour vous. Veuillez contacter avec notre √©quipe de Satisfaction du Client via customer_satisfaction@feverup.com, afin que nous puissions traiter votre cas particulier et trouver une solution.\n\nFever Team"", 'modified': '2021-09-23T10:12:39Z'}","L‚Äôann√©e derni√®re j‚Äôai offert 3 coupons pour candlelight en vu d‚Äôune soir√©e en famille ‚Ä¶ 
J‚Äôai voulu r√©server aujourd‚Äôhui et quelle gal√®re‚Ä¶ je dois faire un ticket par un ticket pour r√©server. Transformer mon coupon en un code etc et en plus meme en faisant un par un une fois sur deux √ßa marchait pas, j‚Äôai du passer une fois par PayPal, une fois par CB pour valider l‚Äôachat (10‚Ç¨ en plus de mon coupon initial) bref pourquoi ce n‚Äôest pas possible d‚Äôavoir plusieurs billets dans son panier et de rentrer au fur et √† mesure les codes ? Comprends pas votre logique.
A revoir",2021-09-21 19:02:08,FR
33,Ralfotos75018,5,False,Topissime,"{'id': 8177188, 'body': ""Bonjour, Merci beaucoup pour tes 5 √©toiles! Nous adorons recevoir ce type de commentaires :) Garde un oeil sur l'appli pour ne pas louper tous les bons plans qui t'attendent! Bien √† toi,  Fever Team"", 'modified': '2019-04-11T19:43:34Z'}","Sans √©quivalent sur le march√© des bon plans, de bonnes id√©es d‚Äôactivit√©s!",2019-04-10 08:04:26,FR
34,Ptitepaolita,1,False,Arnaque !,,Pr√©l√®vent ta carte bancaire sans que tu le veuilles lors d‚Äôun changement de billets au lieu d‚Äôutiliser le coupon et tout cela sans que tu es rentr√© √† nouveau tes coordonn√©es ! Je suis √©c≈ìur√©e de cette application et de plus ils ne r√©pondent m√™me pas aux messages.,2020-11-02 20:55:10,FR
35,Cecilia78400,5,False,Service client au top,"{'id': 8450626, 'body': ""Bonjour Cecilia, Merci beaucoup pour cette super note! Nous travaillons dur pour offrir le meilleur service √† nos utilisateurs, et nous sommes ravis de savoir que nous sommes sur la bonne voie! :) N'h√©site pas √† nous contacter si tu as la moindre question, et reste attentive √† l'appli, nous ajoutons de nouveaux plans tous les jours... ;) Merci d'utiliser Fever!  Bien √† toi,   Fever Team"", 'modified': '2019-04-30T14:16:02Z'}",Ultra r√©actif et disponible m√™me le dimanche !,2019-04-23 06:11:32,FR
36,MaevaPelage,5,False,Service tr√®s pro,"{'id': 13993657, 'body': ""Bonjour Maeva,\nMerci beaucoup pour tes 5 √©toiles et ton commentaire! :) Nous travaillons dur pour offrir le meilleur service et les meilleurs plans √† nos utilisateurs, et nous sommes ravis de savoir que nous sommes sur la bonne voie!\nN'h√©site pas √† nous contacter si tu as la moindre question, et reste attentive √† l'appli, nous ajoutons de nouveaux plans tous les jours... ;)\nMerci d'utiliser Fever!\nBien √† toi,\nFever Team"", 'modified': '2020-03-11T22:12:49Z'}","Un service client tr√®s professionnel, r√©actif et rapide, une appli au top et des √©v√®nements qui donnent envie !",2020-03-04 08:28:06,FR
37,sarra sarrita,1,False,Nul !,,"Premier ticket achet√©, l‚Äô√©v√®nement a √©t√© d√©cal√© √† une date ult√©rieure sans possibilit√© de se faire rembourser. On peut apparement choisir une autre date mais o√π quoi comment ? On y pige rien‚Ä¶ le support r√©pond 2 ans apr√®s pour nous dire que c‚Äôest comme √ßa. 
De l‚Äôargent jet√© par la fen√™tre merci fever
Franchement √©viter d‚Äôutiliser cette application. Allez acheter directement vos billet sur un site ou sur place au moins vous serez sur d‚Äôen avoir pour votre argent. üò°üò°üò°üò°",2021-08-02 16:05:32,FR
38,trailyon,2,False,Ergonomie compliqu√©e,"{'id': 13584754, 'body': ""Bonjour,\r\nNous sommes d√©sol√©s que tu n'aies pas aim√© l'appli :(\r Tu peux filtrer les √©v√©nements par cat√©gorie, quartier et date, √† l'aide du bouton Filtres qui figure sur la page d'accueil.\n\nN'oublie pas que nous sommes √† ta disposition par email, chat et t√©l√©phone 7j/7 si tu as des questions :)\nBien √† toi,\nFever Team"", 'modified': '2020-02-19T14:35:11Z'}","Difficile de naviguer dans l‚Äôapplication, il n‚Äôy a pas de filtres, de cat√©gories. Bref ca semble plaire a certains moi je suis perdu. Cerise sur le gateau, vous proposez un bouton supprimer le compte qui ne fait qu‚Äôafficher une popup pour envoyer un mail. C‚Äôest frustrant.",2020-02-18 09:20:26,FR
39,Naphto63,1,False,Arnaque,"{'id': 27466532, 'body': ""Bonjour,\n\nNous sommes navr√©s que votre exp√©rience n'ait pas √©t√© √† la hauteur de vos attentes. En cas de besoin, nos √©quipes peuvent vous guider pour compl√©ter votre r√©servation √† salut@feverup.com üòâ\u200b\n\nBien cordialement, ![](https://backend.growthdot.com/reply-after-this/4093672_df82b36a-c840-492e-a0ed-e98614c86dc1.gif)\n\nFever Team"", 'modified': '2022-01-16T13:56:39Z'}","Surtout n‚Äôinstallez pas cette application c‚Äôest une v√©ritable arnaque. Vous payez plus de 100 euros pour faire une activit√© : d√©j√† le porte monnaie fever ne fonctionne pas pour r√©duire le prix, ensuite le support ne r√©pond jamais et quand vous les appelez par t√©l√©phone ils vous raccrochent au nez, mais surtout vous recevez un e-mail vous indiquant comment r√©server, sauf qu‚Äôils ne vous envoient pas le code que vous avez payer et qui permet de r√©server sur le site partenaire ! Donc vous payez des centaines d‚Äôeuros pour rien.",2022-01-08 10:26:21,FR
40,duclan34,5,False,Service √† l‚Äô√©coute,"{'id': 9136880, 'body': ""Bonjour, Un grand merci pour tes 5 √©toiles! Nous faisons le maximum pour offrir le meilleur service √† nos utilisateurs, et ton commentaire nous fait tr√®s plaisir :) Merci d'utiliser Fever! Bien √† toi,  Fever Team"", 'modified': '2019-06-12T20:34:07Z'}",Service client aimable et efficace,2019-05-31 09:03:27,FR
41,Emie_malice,5,False,Rien √† dire,"{'id': 8450619, 'body': 'Bonjour, Un grand merci pour cette super note! Nous faisons le maximum pour offrir le meilleur service et les meilleurs plans √† nos utilisateurs, et ton commentaire nous fait tr√®s plaisir! :) De nouveaux √©v√©nements sont ajout√©s tous les jours, alors reste attentive et ne manque pas tous les bons plans que nous avons d√©nich√©s! ;) Bien √† toi,  Fever Team', 'modified': '2019-04-30T14:15:42Z'}","C‚Äôest une superbe application pour faire des sorties et activit√©s. Lorsque l‚Äôon se pose des questions, ils y r√©pondent rapidement. Je recommande!!",2019-04-01 17:56:25,FR
42,Lizazette,5,False,Au top !!,"{'id': 26074763, 'body': 'Nous vous remercions pour votre commentaire de 5 √©toiles ! Nous sommes ravis de savoir que votre exp√©rience avec notre service client vous ait plu ![](https://backend.growthdot.com/reply-after-this/3381251_0b760303-69ad-45cc-b1d7-a7901302ea32.gif)\n\nFever Team', 'modified': '2021-11-04T09:14:12Z'}","Tr√®s bonne appli. De +, super r√©activit√© de la part de l‚Äô√©quipe Fever en cas de souci.",2021-11-03 00:54:44,FR
43,Romain29120,5,False,Utile et avantageux,"{'id': 12142551, 'body': ""Bonjour Romain,\nMerci beaucoup pour tes 5 √©toiles! Nous sommes ravis que l'appli te plaise :)\nReste attentif pour ne pas louper tous les bons plans qui t'attendent! ;)\nMerci d'utiliser Fever!\nBien √† toi,\nFever Team\n"", 'modified': '2019-12-01T16:58:01Z'}",Utile pour avoir des id√©es de sortie et avantageux pour les promos et le cashback,2019-11-26 01:31:38,FR
44,Christophe de B.,2,False,Code invalide,"{'id': 8450605, 'body': ""Bonjour Christophe!\nNous sommes vraiment d√©sol√©s que tu aies rencontr√© un probl√®me technique avec ton code.\nNous sommes √† ta disposition pour t'aider si tu as le moindre souci, n'h√©site pas √† nous contacter!\nBien √† toi,  Fever Team"", 'modified': '2019-04-30T14:15:07Z'}",Je pensais que Fever √©tait simple √† utilis√© mais en fait non. L‚Äôapplication g√©n√®re de faux codes de reducs et les distribue √† ses membres. R√©sultat: 20 mn d‚Äôinvestigation pour comprendre qu‚Äôil manque une lettre dans un des codes command√©s. J‚Äôimagine ne pas √™tre le seul concern√© vu qu‚Äôil s‚Äôagit de codes g√©n√©r√©s. Le sav s‚Äôest excus√©: merci √† eux vraiment car sans √ßa je pense que j‚Äôaurai pass√© une mauvaise journ√©e ! Des applis de bons plans yen a un paquet donc je l√¢che celle-ci.,2019-01-20 12:19:08,FR
45,Yazee the change,1,False,Dommage,"{'id': 23474257, 'body': ""Bonjour,\n\nNous sommes sinc√®rement navr√©s par cette incidence. Votre cas a peut-√™tre √©t√© mal analys√©. Pourriez-vous s'il vous pla√Æt nous contacter √† cette adresse mail: customer_satisfaction@feverup.com afin d'analyser de nouveau votre cas et de vous apporter une meilleure satisfaction?\n\nEn attente de votre mail √† cette adresse mail :)"", 'modified': '2021-06-19T20:23:56Z'}","Je vous mets pas 5 √©toiles et pourtant votre contenu le m√©rite mais  maintenant avec votre mise √° jour on ne peux plus se connecter avec l‚Äôadresse mail , du coup il  faut passer par un compte Google ou facebook obligatoirement...                    Lorsqu‚Äôon essaye de se connecter depuis Google , un panneau appara√Æt  en disant : ( l‚Äôapplication a besoin de passer par Google pour avoir des informations sur vous ) .L√† ce sont 2 gros mauvais point.                                    Je n‚Äôai pas de compte facebook ni Google , c‚Äôest emb√™tant car votre application est bien mais je n‚Äôouvrirais pas de compte facebook et Google pour ... C‚Äôest dommage .",2021-06-13 16:31:08,FR
46,vinnieM71,1,False,D√©ception et exp√©rience client √©prouvante,,"En juin 2020, j‚Äôach√®te 2 places pour un spectacle pr√©vu fin ao√ªt. Le concert n‚Äôa pas eu lieu. Les places √©taient disponibles sur l‚Äôappli Fever. Outil impos√© par le vendeur. Pourtant, le vendeur ne l‚Äôutilise pas pour communiquer sur les annulations....
La programmation des concerts s‚Äôest poursuivie tout l‚Äô√©t√©. Depuis des mois, Fever continue de vendre des places de concerts sur les r√©seaux sociaux sans honorer ces prestations. Je demande un remboursement des places. Qu‚Äôen est il ?",2020-09-08 13:30:46,FR
47,trailyon,2,False,Ergonomie compliqu√©e,"{'id': 13584754, 'body': ""Bonjour,\r\nNous sommes d√©sol√©s que tu n'aies pas aim√© l'appli :(\r Tu peux filtrer les √©v√©nements par cat√©gorie, quartier et date, √† l'aide du bouton Filtres qui figure sur la page d'accueil.\n\nN'oublie pas que nous sommes √† ta disposition par email, chat et t√©l√©phone 7j/7 si tu as des questions :)\nBien √† toi,\nFever Team"", 'modified': '2020-02-19T14:35:11Z'}","Difficile de naviguer dans l‚Äôapplication, il n‚Äôy a pas de filtres, de cat√©gories. Bref ca semble plaire a certains moi je suis perdu. Cerise sur le gateau, vous proposez un bouton supprimer le compte qui ne fait qu‚Äôafficher une popup pour envoyer un mail. C‚Äôest frustrant.",2020-02-18 09:20:26,FR
48,mketty,1,False,Service d√©plorable,"{'id': 26836512, 'body': ""Bonjour,\n\nNous sommes navr√©s que le service n'ait pas √©t√© √† la hauteur de vos attentes. Nous vous invitons √† nous contacter √† customer_satisfaction@feverup.com afin que nous puissions vous aider.\n\nBien √† vous, !"", 'modified': '2021-12-14T23:05:28Z'}","Je trouve √ßa tr√®s √©tonnant qu‚Äôune modification de billets soit impossible, je ne demande m√™me pas un remboursement juste de d√©caler le jour m√™me. Le service apr√®s vente est tr√®s impoli et inutile, ils nous disent qu‚Äôils vont contacter le partenaire mais une minute apr√®s on re√ßoit un mail disant que c‚Äôest impossible. Je doute qu‚Äôils aient fait quoi que ce soit en si peu de temps.

J‚Äôai moi-m√™me contact√© les organisateurs de l‚Äô√©v√©nement qui m‚Äôont r√©pondu tr√®s vite que les billets √©taient valables toute la journ√©e. Cela t√©moigne de la mauvaise foi et du manque d‚Äôeffort du personnel.",2021-11-28 20:31:59,FR
49,MaryneeB,1,False,Fever ? PLUS JAMAIS !!!,,"Exp√©rience d√©plorable!
Parcours client honteux pour les nouveaux utilisateurs....
Je trouvais le principe de base tr√®s sympa, j'avais achet√© un billet 6 mois avant l'√©v√©nement et le jour J on m'annonce qu'il est annul√© ! Aucun contact avec les clients pour pr√©venir. Aucun geste commercial ni solution avec le service client...! Dailleurs, en appelant le service client, jai cru parler √† un robot. Le service de Tchat aussi n'est m√™me pas capable d'√©crire correctement fran√ßais...
 Je ne repasserai plus jamais par leur service !",2018-06-29 15:35:42,FR
50,clabl7510,1,False,Passez votre chemin,"{'id': 28110134, 'body': ""Bonjour, nous sommes d√©sol√©s que cette exp√©rience avec nous n'ait pas √©t√© ce que vous m√©ritez. Nous continuerons √† am√©liorer notre service et nous esp√©rons que vous puissiez nous donner une autre opportunit√© dans le but de regagner votre confiance."", 'modified': '2022-02-17T15:27:20Z'}",Service client catastrophique !,2022-02-04 17:50:21,FR
51,NadRoch,1,False,Escrocs!!!!,"{'id': 23522273, 'body': ""Bonjour,\n\nMerci d‚Äôavoir contact√© !\n\nNous sommes sinc√®rement navr√©s par cette incidence. Votre cas a peut-√™tre √©t√© mal analys√©. Pourriez-vous s'il vous pla√Æt nous contacter √† cette adresse mail: customer_satisfaction@feverup.com afin d'analyser de nouveau votre cas et de vous apporter une meilleure satisfaction?\n\nEn attente de votre mail √† cette adresse mail :)\n\nCordialement"", 'modified': '2021-06-22T11:18:22Z'}","Cette application est √† bannir pour r√©server des concerts ou autres!
Les places ne sont pas remboursables. Nous avions achet√© 4 places (120‚Ç¨) pour un concert maintes fois report√© pour cause Covid, le dernier report √©tait pour mi octobre 2021. Nous nous sommes aper√ßus lorsque nous avons re√ßu un mail pour une enqu√™te de satisfaction sur ce concert qu‚Äôil avait √©t√© avanc√© au 14 juin sans avoir √©t√© avertis au pr√©alable par mail ou sms qui aurait pu attirer notre attention ( nous n‚Äôallons pas sur cette appli tous les jours). J‚Äôai d√©pos√© plusieurs r√©clamations sans aucune r√©ponse. Un conseil : fuyez!!!!",2021-06-17 14:33:52,FR
52,Kelis9,5,False,Appli cool et fun,,Pratique et facile d‚Äôutilisation. Permet de conna√Ætre des √©v√©nements proches de chez soi et de les r√©server facilement.,2018-07-16 17:58:05,FR
53,LNIMAGINE,1,False,Cette application ne fonctionne pas,,"Apr√®s avoir achet√© des tickets sur votre site en ligne (en m‚Äôenregistrant avec mon compte Google), je t√©l√©charge l‚Äôapplication qui ne cesse de me dire que je n‚Äôai pas de connexion internet, que je ne peux pas me connecter pour voir mes tickets. Pourtant j‚Äôai acc√®s √† internet sur toutes mes autres applications que ce soit Youtube, mon navigateur, bref toutes les autres ! 
Ce n‚Äôest pas un tr√®s bon d√©but.",2018-11-15 12:55:40,FR
54,Sunrise974,4,False,Petit bug,,"Lappli est cool! Le design et l‚Äôergonomie sont bien pens√© et l‚Äôux est travaill√©
Dommage : 
Certaines activit√©s sont mal param√©tr√©es j dois cliquer sur celle d‚Äôen bas pour que celle d‚Äôen haut s‚Äôaffiche ! 
Elle saute d‚Äôune activit√© √† l‚Äôautre mais sinon g√©nial",2018-07-29 18:35:57,FR
55,Lumia x Elite,1,False,A fuir !,"{'id': 10820049, 'body': ""Bonjour, Nous sommes d√©sol√©s que tu aies eu une mauvaise exp√©rience avec l'appli. :( En principe, il suffit de montrer ton ticket dans l'appli en arrivant sur le lieu de l'√©v√©nement, et le personnel sur place le valide. N'oublie pas que nous sommes √† ta disposition par email, chat et t√©l√©phone 7j/7 si tu as besoin de quoi que ce soit. :) Bien √† toi,  Fever Team"", 'modified': '2019-09-22T17:16:01Z'}","J‚Äôai acheter il y‚Äôa quelques temps des places pour la grande arche de la Defense. Il n‚Äôy a pas de tickets, ni de QR Code ni rien, juste a valider avec le doigt. Hors le personnel ne connaissait pas Fever ni ce syst√®me et nous ont refuser l‚Äôentr√©e. Apr√®s 45 MINUTES d‚Äôexplication et un appel au service client on a enfin pu entrer ! Pour se rendre compte au final que les places √©taient au m√™me prix sur l‚Äôappli que sur place ! Allez hop je desinstalle.",2019-09-20 11:50:30,FR
56,Gzk78,1,False,Aucune consid√©ration pour les avis des clients,"{'id': 16975877, 'body': ""Bonjour,\r\nNous nous excusons pour les d√©sagr√©ments que le changement de date a pu te causer. :( Pour que nous puissions t'apporter une solution, n'h√©site pas √† nous contacter sur salut@feverup.com, ou √† r√©pondre √† nos emails si la solution propos√©e ne te convient pas. Nous serons ravis de pouvoir t'aider!\nBien √† toi,\nFever Team"", 'modified': '2020-07-30T09:45:20Z'}",Changements de dates sans demande pr√©alable d‚Äôaccord du client et aucune possibilit√© de remboursement. Lamentable!,2020-07-26 17:40:54,FR
57,chamaloo51,5,False,Avis,"{'id': 27878263, 'body': 'Bonjour. Nous sommes ravis de voir que notre √©v√©nement Fever vous a plu. Nous faisons de notre mieux pour vous offrir des exp√©riences inoubliables. Assurez-vous de garder un oeil sur notre appli pour d√©couvrir des √©v√©nements similaires!', 'modified': '2022-02-06T21:19:07Z'}","Que du plaisir‚Ä¶.. Un accueil chaleureux, un d√©cor de r√™ve , des concerts de grandes qualit√©s. Bravo",2022-02-05 09:57:03,FR
58,Tuboutou,2,False,Attention bon √† savoir !!,"{'id': 24233594, 'body': ""Bonjour,\n\nNous sommes sinc√®rement navr√©s par cette incidence. Votre cas a peut-√™tre √©t√© mal analys√©. Pourriez-vous s'il vous pla√Æt nous contacter √† cette adresse mail: customer_satisfaction@feverup.com afin d'analyser de nouveau votre cas et de vous apporter une meilleure satisfaction?\n\nEn attente de votre mail √† cette adresse mail :)\n\nFever Team"", 'modified': '2021-07-31T18:18:43Z'}","En toute franchise, l'application est bien faite, c'est tr√®s simple et intuitif.
ATTENTION !! C'est un scandale de ne pas pouvoi sortir un billet en format PDF.
J'ai eu un impr√©vu pour un √©vent une journ√©e avant, je voulais revendre ma place en toute s√©curit√© sur des sites sp√©cialis√©s (Tickeswap) pour que des personnes puissent en profiter mais impossible. 
Faite attention quand vous achetez un billet, juste un conseil.",2021-07-30 11:57:10,FR
59,Dimitri.Ref,1,False,Entreprise malhonn√™te !,,"A √©viter absolument !!

Cela fait plus d‚Äôune semaine qu‚Äôils me font tourner en rond pour ne pas rembourser un √©v√©nement qui a √©t√© annul√©.

Premier √©change avec le service client durant lequel j‚Äôai eu comme r√©ponse ¬´ le remboursement est valid√© ¬ª (j‚Äô√©tais tr√®s content √† ce moment l√†). Quelques jours plus tard, c‚Äôest la douche froide lorsque je constate que le remboursement n‚Äôa pas √©t√© fait. Je recontacte le service client qui m‚Äôannonce que le dossier est finalement en traitement‚Ä¶ 

Pour l‚Äôinstant , suite √† 3 √©changes avec le service client, j‚Äôattends toujours un simple remboursement qui ne leur demanderai que 1 minute a √™tre r√©alis√© s‚Äôils respectaient un minimum leur client. 

Je ne commanderai plus jamais de ticket avec cette application qui prends ses clients pour une banque! Et je m‚Äôengage √† leur faire la pub qu‚Äôils m√©ritent!",2022-02-19 17:57:09,FR
60,nounsette,5,False,Top,"{'id': 7761218, 'body': ""Bonjour,\nMerci pour ta note et ton commentaire! Nous sommes ravis que tu appr√©cies l'appli :)\nNous esp√©rons que tu profiteras √† fond de Fever!\nBien √† toi,\nFever Team"", 'modified': '2019-03-16T11:12:19Z'}",Pour le moment RAS. J‚Äôai achet√© deux places de cin√©ma qui ont tr√®s bien fonctionn√©. Merci Fever üëå,2019-02-10 19:51:53,FR
61,Balthazar75,5,False,Sortons !,"{'id': 26074676, 'body': 'Nous vous remercions pour votre commentaire de 5 √©toiles ! Nous sommes ravis de savoir que votre exp√©rience avec notre service client vous ait plu ![](https://backend.growthdot.com/reply-after-this/3379819_d4b56074-fd5d-4972-9ad1-a9f8dc118eb5.gif)\n\nFever Team', 'modified': '2021-11-04T09:09:09Z'}",Fever m‚Äôa redonn√© l‚Äôenvie d‚Äôavoir des activit√©s et de sortir üòâüëç,2021-11-02 19:55:25,FR
62,Shanue1979,5,False,Bonne app,"{'id': 8177155, 'body': ""Bonjour, Merci beaucoup pour ta note et ton commentaire! Nous sommes ravis que l'appli r√©ponde √† tes attentes :) Merci d'utiliser Fever! Bien √† toi, Fever Team"", 'modified': '2019-04-11T19:38:40Z'}",Originale qui me propose des events qui correspondent √† mes envies,2019-04-07 20:26:21,FR
63,cc doree,1,False,Mal organis√©s et malhonn√™tes,,"J‚Äôai utilis√© l‚Äôapplication pour r√©server une exp√©rience. J‚Äôai d√ª la reporter ayant √©t√© cas contact ce jour. Ils sont tr√®s mal organis√©s pour ce genre de choses, en plus, ils m‚Äôont refactur√© les frais de r√©servation et ont supprim√© mon cr√©dit porte monnaie. Au bout de plusieurs appels, ils pr√©tendent ne pas comprendre et ne m‚Äôont pas cr√©dit√© du tout sur mon porte monnaie alors que je suis membre gold. Je vous d√©conseille de r√©server avec eux en avance.",2021-12-27 12:29:52,FR
64,Madame Dela,1,False,Exp√©rience d√©cevante,,"L‚Äôorganisme Fever en France est compos√© uniquement d‚Äôinterm√©diaires. Les responsables sont √† l‚Äô√©tranger. Ils ont une communication lamentable que √ßa soit dans leur service ou √† l‚Äô√©gard des clients. Impossible de s‚Äôentretenir directement avec un manager si il y a un probl√®me. De plus il n‚Äôy a pas qu‚Äôune seule personne qui suit votre dossier mais plusieurs, il faut donc reprendre le dossier de A √† Z √† chaque fois. 

Nous avions utilis√© Fever pour une surprise d‚Äôanniversaire : faire un tour de quad dans Paris. Notre s√©ance a √©t√© annul√©e, sans nous pr√©venir directement (uniquement par un mail quelques heures avant). R√©sultat : d√©placement inutile, organisation dans nos planning pour rien et une amie d√©√ßue par la surprise rat√©e. 

Pour ce pr√©judice, ils ont juste reconnu que l‚Äôerreur venait de leur part et ont propos√© un d√©dommagement ridicule.

D√©√ßue, ils ne savent pas √©couter leurs clients et c‚Äôest vraiment de l‚Äôattrape touristes. Aucun professionnalisme, Fever tu m‚Äôas plut√¥t donner mal √† la t√™te que l‚Äôenvie de faire la f√™te.",2018-08-07 15:20:22,FR
65,lilwel2,1,False,Nul,,"J‚Äôai achet√© des billets de cin√©ma et j‚Äôai obtenu un code qui ne fonctionne absolument pas malgr√© des essais sur plusieurs jours. La seule r√©ponse du site est ‚Äò si, √ßa fonctionne‚Äô
R√©sultat.  Argent fichu en l‚Äôair ! 
Jamais plus je ne le laisserai avoir par ce site que je supprime de mes applis imm√©diatement.",2018-12-11 19:45:50,FR
66,Guizou58,5,False,Annulation r√©p√©t√©e de concert,,Concert annul√© 3 fois. Solution de remplacement propos√©e tr√®s acceptable!,2020-11-03 14:14:34,FR
67,pseudogame,5,False,configuration impossible,,bonjour impossible d‚Äôenregistrer les pr√©f√©rences de son profil...,2018-10-16 13:10:07,FR
68,Cyrielle1203,1,False,Je n‚Äôarrive pas √† accepter les termes et la politique de s√©curit√©,"{'id': 11269807, 'body': ""Bonjour Cyrielle, Nous sommes d√©sol√©s que tu rencontres des probl√®mes avec l'appli. :( N'h√©site pas √† nous √©crire √† salut@feverup.com pour que nous puissions t'aider! :) Bien √† toi, Fever Team"", 'modified': '2019-10-15T21:10:16Z'}","Hello, j‚Äôai tr√®s envie d‚Äôutiliser cette application mais je me retrouve coinc√©e sur la page de validation des termes et conditions, je ne trouve aucun bouton pour les accepter. Je ne peux que retourner en arri√®re √† la page de connexion... soit je suis vraiment nulle soit il y a un petit bug sur cette page :/
Merci d‚Äôavance pour votre aide !",2019-10-14 22:52:09,FR
69,D√©√ßu et dansSolutions,1,False,D√©ception totale,"{'id': 25849458, 'body': ""Bonjour,\nNous sommes sinc√®rement navr√©s par cette incidence. Votre cas a peut-√™tre √©t√© mal analys√©. Pourriez-vous s'il vous pla√Æt nous contacter √† cette adresse mail: customer_satisfaction@feverup.com afin d'analyser de nouveau votre cas et de vous apporter une meilleure satisfaction?\nEn attente de votre mail √† cette adresse mail."", 'modified': '2021-10-23T18:29:30Z'}","J‚Äôai achet√© deux billets pour un √©v√©nement sur Marseille, qui n‚Äôa pas eu lieu suite au Covid. Depuis pas de dates propos√©s pour un nouvel √©v√©nement et qd je contact le service client les r√©ponses sont toujours les m√™mes (il faut que j‚Äôattende, chose que je fais depuis presque 2 ans !!).
Tr√®s d√©√ßu je d√©conseille vivement de passer par Fever !!!",2021-10-12 09:34:01,FR
70,91Chipie,4,False,Merci!,"{'id': 14986758, 'body': 'Bonjour,\nMerci pour ta note et ton commentaire! Notre objectif est que nos utilisateurs soient satisfaits, et nous sommes ravis de savoir que nous avons accompli notre mission! :) Nous restons √† ta disposition si tu as besoin de quoi que ce soit. Bien √† toi, Fever Team', 'modified': '2020-04-29T08:45:52Z'}",Aide apport√©e sur un petite blocage : rapide et efficace,2020-04-23 20:20:28,FR
71,DB00291,2,False,Achats automatiques non d√©sir√©s,"{'id': 23474258, 'body': ""Bonjour, nous sommes d√©sol√©s que cette exp√©rience avec nous n'ait pas √©t√© ce que vous m√©ritez. Nous continuerons √† am√©liorer notre service et nous esp√©rons que vous puissiez nous donner une autre opportunit√© dans le but de regagner votre confiance."", 'modified': '2021-06-19T20:24:16Z'}","Malgr√© une bonne r√©activit√© de leurs √©quipes, je ne puis noter positivement cette application.
Cette derni√®re √† effectu√© deux achats non d√©sir√©s, en contournant les s√©curit√©s habituelles de Paypal ou Compte Bancaire. Fever refuse de me rembourser.
A √©viter donc.",2021-06-16 05:35:54,FR
72,niuniutu,1,False,Arnaque,,"J'ai achet√© 2 billets pour un concert avant le confinement. Le concert a √©t√© d√©cal√© en septembre √† cause d'√©pid√©mie. Mais sans notification, le conert a eu lieu le 6 ao√ªt finalement! Donc bien √©videmment j'ai rat√© le concert sans savoir ! C'est vraiment une arnaque de ne pas pr√©voir les gens du changement de date de concert! A √©viter √† tout prix !",2020-08-14 13:31:09,FR
73,Timal-971,5,False,Top,,"Super application propose d‚Äôexcellente chose et loisirs a faire, essayer c‚Äôest l‚Äôadopter",2018-05-15 23:33:49,FR
74,Solianne,5,False,Excellent,,Ajouter le code promo SOLIANNEB1 pour gagner 5‚Ç¨ sur votre premi√®re commande üòâ,2018-05-06 11:15:26,FR
75,M√©content √©galement,1,False,Spam permanent,"{'id': 27683684, 'body': '""Bonjour,\nMerci pour votre message.\nNous sommes navr√©s que vous ayez rencontr√© des probl√®mes avec l\'application mobile. Nous sommes en train de travailler sur cet incident afin d\'y rem√©dier le plus vite possible. Veuillez nous excuser pour la g√™ne occasionn√©e.""', 'modified': '2022-01-26T21:18:56Z'}","J'√©tais ravi de participer √† une exp√©rience propos√©e par Fever au depart, mais le spam incessant subi depuis m'a passablement irrit√©. Mail a repetition, obligation de t√©l√©charger l'application, forcing permanent pour activer les notifications, tout y passe. Autant vous dire qu'√† l'instant o√π je n'avais plus besoin de l'application, j'ai tout supprim√© (compte y compris).
PS : l'avis concerne bien la prestation de service Fever et son application et non l'√©v√©nement en lui-m√™me.",2022-01-23 19:28:06,FR
76,Nanoue93,5,False,"Tr√®s r√©actif et arrangeant, super service",,Super application qui propose des sorties de qualit√© !!!,2020-11-13 18:06:29,FR
77,Leoniedavishp,1,False,A fuir,,"Cela fait plusieurs fois que j‚Äôessaie de contacter le sav et je n‚Äôai aucune r√©ponse de leur part. Un √©v√©nement pr√©vu le 20/10 sur Toulouse est finalement programm√© le 24/09 √† Portet sur Garonne. D√®s que j‚Äôai re√ßu la notification le 02/09 j‚Äôai tent√© de les joindre sur chat puis par mail √† 5 reprises. Pour leur demander de me rembourser et toujours rien √† aujourd‚Äôhui, nous sommes le 23/09.",2020-09-23 16:25:01,FR
78,Cappu8,1,False,Ne vous remboursera jamais.,"{'id': 21368206, 'body': ""Bonjour, Nous nous excusons pour les d√©sagr√©ments que ces changement aient pu te causer.  Pour que nous puissions t'apporter une solution, n'h√©site pas √† nous contacter sur salut@feverup.com, ou √† r√©pondre √† nos emails si la solution propos√©e ne te convient pas. Nous serons ravis de pouvoir t'aider! Bien √† toi, Fever Team"", 'modified': '2021-03-01T12:38:13Z'}","J‚Äôai achet√© 13 tickets pour un √©v√©nement. Il a √©t√© annul√© par cause de Covid. Je n‚Äôai pas √©t√© rembours√©, je n‚Äôai pas re√ßu de bons. J‚Äôai essay√© de contacter fever, ils prennent toujours entre 2 et 4 semaines pour r√©pondre. Et disent qu‚Äôexceptionnellement tout ce qu‚Äôils peuvent faire c‚Äôest donner un bon (refus de rembourser). Mais je ne re√ßois rien. 

En fait, fever c‚Äôest une arnaque.",2021-01-23 21:58:27,FR
79,fisherman_paname,1,False,Bloatware inutile,"{'id': 25953261, 'body': ""Bonjour. Nous sommes d√©sol√©s que cette exp√©rience avec nous n'ait pas √©t√© ce que vous m√©ritez. Nous continuerons √† am√©liorer notre service et nous esp√©rons que vous puissiez nous donner une autre opportunit√© dans le but de regagner votre confiance."", 'modified': '2021-10-28T17:09:26Z'}","Des pop-ups intempestifs pour demander d‚Äôactiver les notifications, demande d‚Äôacc√®s au carnet d‚Äôadresses, tout un syst√®me inutile, alors qu‚Äôune simple appli qui g√©n√®re un QR code serait plus pertinent. Vraiment triste que les organisateurs d‚Äô√©v√©nements forcent les client √† t√©l√©charger ce machin.",2021-10-27 11:34:30,FR
80,tousdesmythos,5,False,Top,"{'id': 27190067, 'body': ""Bonjour. Merci d'avoir √©valu√© notre appli avec 5 √©toiles ! Nous sommes heureux d¬¥apprendre que notre effort en vaut la peine. Nous sommes ravis d'avoir pu vous aider. Bien √† vous."", 'modified': '2022-01-02T21:40:57Z'}",Plus besoin de chercher tout y est üëè,2021-12-28 23:26:37,FR
81,Cappu8,1,False,Ne vous remboursera jamais.,"{'id': 21368206, 'body': ""Bonjour, Nous nous excusons pour les d√©sagr√©ments que ces changement aient pu te causer.  Pour que nous puissions t'apporter une solution, n'h√©site pas √† nous contacter sur salut@feverup.com, ou √† r√©pondre √† nos emails si la solution propos√©e ne te convient pas. Nous serons ravis de pouvoir t'aider! Bien √† toi, Fever Team"", 'modified': '2021-03-01T12:38:13Z'}","J‚Äôai achet√© 13 tickets pour un √©v√©nement. Il a √©t√© annul√© par cause de Covid. Je n‚Äôai pas √©t√© rembours√©, je n‚Äôai pas re√ßu de bons. J‚Äôai essay√© de contacter fever, ils prennent toujours entre 2 et 4 semaines pour r√©pondre. Et disent qu‚Äôexceptionnellement tout ce qu‚Äôils peuvent faire c‚Äôest donner un bon (refus de rembourser). Mais je ne re√ßois rien. 

En fait, fever c‚Äôest une arnaque.",2021-01-23 21:58:27,FR
82,fisherman_paname,1,False,Bloatware inutile,"{'id': 25953261, 'body': ""Bonjour. Nous sommes d√©sol√©s que cette exp√©rience avec nous n'ait pas √©t√© ce que vous m√©ritez. Nous continuerons √† am√©liorer notre service et nous esp√©rons que vous puissiez nous donner une autre opportunit√© dans le but de regagner votre confiance."", 'modified': '2021-10-28T17:09:26Z'}","Des pop-ups intempestifs pour demander d‚Äôactiver les notifications, demande d‚Äôacc√®s au carnet d‚Äôadresses, tout un syst√®me inutile, alors qu‚Äôune simple appli qui g√©n√®re un QR code serait plus pertinent. Vraiment triste que les organisateurs d‚Äô√©v√©nements forcent les client √† t√©l√©charger ce machin.",2021-10-27 11:34:30,FR
83,Fred escape game,1,True,Annonces trompeuses,"{'id': 12526420, 'body': ""Bonjour Fred, Nous sommes d√©sol√©s que tu aies eu une mauvaise exp√©rience :(  Comme indiqu√© sur le plan, les tickets de cin√©ma sont valables pour toutes les s√©ances, sauf les s√©ances 3D et autres √©v√©nements sp√©ciaux o√π un suppl√©ment est requis par le Grand Rex. N'oublie pas que nous sommes √† ta disposition par email, chat et t√©l√©phone 7j/7 si tu as des questions sur un plan propos√© sur Fever :) Bien √† toi, Fever Team"", 'modified': '2019-12-24T21:27:32Z'}",J‚Äôavais pris de billets pour la reine des neiges et au moment de r√©server les billet n‚Äô√©tait pas dispos pour la s√©ance demand√©e. Aucune restriction de s√©ance indiqu√©e sur le site ! Mais par contre une fois l‚Äôachat effectu√© oh surprise les restrictions apparaissent.  La magie fever,2019-12-24 21:27:32,FR
84,Timo'clrz,1,False,√Ä fuir !,"{'id': 21367970, 'body': ""Bonjour Timoth√©e,\nEn r√®gle g√©n√©rale les tickets Fever ne sont pas remboursables ni √©changeables, comme indiqu√© dans nos CGV, que tu dois accepter lorsque tu t'inscris sur Fever. Cependant, nous essayons toujours d‚Äôaider nos utilisateurs autant que possible, et dans ton cas nous avons pu faire une exception et ton ticket a √©t√© rembours√© le 17 f√©vrier, comme nous t'en avons inform√©.\nNous restons √† ta disposition si tu as besoin d'autre chose.\nBien √† toi,\nFever Team"", 'modified': '2021-03-01T12:29:38Z'}",Je d√©conseille fortement de passer par cette plateforme ! Aucune √©change ou remboursement possible suite √† l‚Äôachat. Cela n‚Äôest pas mentionn√© sur le site lors de l‚Äôachat. La seule r√©ponse que j‚Äôai pu recevoir : regardez nos CGU c‚Äôest √©crit... Aucun remboursement possible. Bravo !!,2021-02-14 17:27:47,FR
85,Biddgy,1,False,Une appli catastrophique.,"{'id': 26782810, 'body': ""Bonjour Biddgy, nous sommes d√©sol√©s que cette exp√©rience avec nous n'ait pas √©t√© ce que vous m√©ritez. Nous continuerons √† am√©liorer notre service et nous esp√©rons que vous puissiez nous donner une autre opportunit√© dans le but de regagner votre confiance. ![](https://backend.growthdot.com/reply-after-this/3752267_f55e0896-f642-4276-b8b6-13eba75c0726.gif)\n\nFever Team"", 'modified': '2021-12-12T19:38:09Z'}",2 achats place se cin√©ma et coffret. Aucune commande ne se passe comme pr√©vu. A √©viter,2021-12-08 11:07:08,FR
86,Joie2019,1,False,Suppression du compte tr√®s compliqu√©e.,"{'id': 11932524, 'body': ""Bonjour,\nNous sommes d√©sol√©s pour les d√©sagr√©ments. :( Pour des raisons de s√©curit√©, les demandes de suppression doivent √™tre transmises √† un service sp√©cifique et peuvent prendre quelques jours √† √™tre trait√©es.\nNous restons √† ta disposition si tu as besoin d'autre chose. :)\nBien √† toi,\nFever Team"", 'modified': '2019-11-19T13:28:50Z'}","Attention si vous souhaitez supprimer votre compte une fois l‚Äôapplication t√©l√©charg√©e. Il faudra envoyer un e-mail et attendre plusieurs jours avant qu‚Äôon revienne vers vous pour confirmer. Du jamais vu. 
La suppression devrait √™tre propos√©e comme option sur l‚Äôapplication elle-m√™me et √™tre imm√©diate.",2019-11-05 14:02:36,FR
87,justemoi83,1,True,A √âVITER !,"{'id': 9502778, 'body': ""Bonjour, Nous sommes d√©sol√©s que tu aies eu une mauvaise exp√©rience avec l'appli. :(  En principe, il suffit de montrer ton ticket dans l'appli en arrivant sur le lieu de l'√©v√©nement, et le personnel sur place le valide. N'oublie pas que tu peux nous √©crire √† salut@feverup.com si tu as le moindre doute :)\nBien √† toi,  Fever Team"", 'modified': '2021-05-28T18:11:00Z'}","Je d√©conseille fortement FEVER. 
FEVER a modifi√© la date d‚Äôun √©v√®nement que j‚Äôavais r√©serv√© j‚Äôai alors demand√© le  remboursement de mes billets car je ne peux pas me rendre disponible √† cette nouvelle date mais on me r√©pond que ce n‚Äôest PAS POSSIBLE ! PAS DE REMBOURSEMENT ! donc j‚Äôai pay√© pour rien au final ! Et cette modification est √† leur initiative ! HONTEUX !",2021-05-28 18:11:00,FR
88,PercevalDeRiv,1,False,"Tr√®s mauvaise exp√©rience, aucun service client","{'id': 25928296, 'body': ""Bonjour,\n\nNous sommes navr√©s pour les d√©sagr√©ments caus√©s. Nous vous invitons √† nous contacter √† customer_satisfaction@feverup.com afin que nous puissions vous donner meilleure satisfaction üòâ\u200b\n\nDans l'attente de votre email,\n\nBien √† vous, ![](https://backend.growthdot.com/reply-after-this/3267990_a4a06f9e-3905-4bb8-93c9-5e3d5d21af1d.gif)\n\nFever Team"", 'modified': '2021-10-27T14:08:23Z'}",Vous avez refus√© de rembourser mon compagnon pour des places r√©serv√©es alors que nous √©tions dans des temps largement suffisants‚Ä¶ je suis tr√®s insatisfait surtout que vous nous avez fait miroiter un remboursement ! Adieu‚Ä¶,2021-10-24 21:30:52,FR
89,valeria.rzk,1,False,0 service client,"{'id': 7761562, 'body': ""Bonjour!\nToutes nos excuses pour ce souci. :(   Nous essayons toujours d'aider au mieux nos utilisateurs. Nous prenons en compte ton commentaire pour pouvoir continuer √† nous am√©liorer.  Bien √† toi,  Fever Team"", 'modified': '2019-03-16T12:03:42Z'}","Le syst√®me du transfert des places est immonde. Les gars du service client ne comprennent pas ta demande, transf√®rent n'importe quoi √† n'importe qui, impossible de retrouver les tickets achet√©s.",2019-03-09 18:36:09,FR
90,Judejudeas,1,False,Bugs et malhonn√™tet√©,"{'id': 26177486, 'body': ""Bonjour. Nous sommes navr√©s que cette exp√©rience n'ait pas √©t√© positive pour vous. Veuillez contacter avec notre √©quipe de Satisfaction du Client via customer_satisfaction@feverup.com, afin que nous puissions traiter votre cas particulier et trouver une solution."", 'modified': '2021-11-09T20:34:47Z'}","Attention beaucoup de bugs notamment sur l‚Äôaffichage et le transfert. Suite aux micmacs de l‚Äôapplication qui ne me donnait aucune confirmation de ma commande, j‚Äôai repris des billets. Le service support d‚Äôabord extr√™mement d√©sagr√©ables sur le tchat a fini par simplement m‚Äôexpliquer qu‚Äôils ne rembourseraient pas. Service √† fuir !",2021-11-07 22:01:20,FR
91,LhoLuke,1,False,Pas satisfait,"{'id': 27466530, 'body': 'Bonjour,\n\nAfin de pouvoir vous aider √† appliquer vos coupons pour votre prochaine r√©servation avec Fever, nous vous invitons √† nous contacter √† salut@feverup.com üòâ\u200b Nos agents pourront vous guider √©tape par √©tape !\n\nBien cordialement, ![](https://backend.growthdot.com/reply-after-this/4109930_ac1953f1-3287-4cc6-8b96-3b4f7cb06836.gif)\n\nFever Team', 'modified': '2022-01-16T13:56:34Z'}",Ce principe de r√©servation est tr√®s mal fait. Rien n‚Äôest correctement expliqu√©. J‚Äôai deux coupons pour ma femme et moi et je ne peux pas les utiliser. Je peux juste en utiliser un. Nous ne pouvons m√™me pas avoir une aide en ligne. Donc le concepteur va tes vite prendre contact avec moi pour que nous trouvions une solution √† ce d√©lire. Merci üòñüòñ,2022-01-09 22:44:52,FR
92,Benham Yas,5,False,Top,,Offre coupon 5‚Ç¨ de remise avec le code YASD9,2018-01-23 19:27:02,FR
93,witerse,2,False,Concert Chopin Toulouse,"{'id': 13405542, 'body': ""Bonjour,\nMerci pour ton commentaire! Nous sommes ravis que tu aies appr√©ci√© le concert. :)\nNous sommes toujours √† l'√©coute de suggestions pour continuer √† nous am√©liorer, aussi nous allons transf√©rer tes remarques aux organisateurs de l'√©v√©nement.\nMerci d'utiliser Fever! :)\nBien √† toi,\nFever Team"", 'modified': '2020-02-10T19:58:33Z'}","Bonne soir√©e gr√¢ce √† un tr√®s bon pianiste 
 Exp√©rience √† renouveler Par contre tr√®s mauvaise acoustique trop grande r√©sonnance dommage mais je reviendrai",2020-02-09 18:28:02,FR
94,kev884576,1,False,un scandale üò°üò°,,Je suis en col√®re. cela nous a pris 1 heure pour aller √† paris. et devine quoi? l'adresse est fausse !!! l'application affiche une adresse totalement fausse. J'ai pay√© 88 ‚Ç¨ et j'ai manqu√© le spectacle! et je veux r√©cup√©rer mon argent.,2018-10-20 14:00:34,FR
95,Delfine83,1,False,√âchange suite report manifestation,"{'id': 26828329, 'body': ""Bonjour, Nous sommes navr√©s que votre exp√©rience n'ait pas √©t√© √† la hauteur de vos attentes. Nous vous invitons √† nous contacter √† customer_satisfaction@feverup.com afin que nous puissions vous apporter une solution."", 'modified': '2021-12-14T13:25:54Z'}","L‚Äôapplication n‚Äôest pas tr√®s intuitive, par erreur au lieu d‚Äô√©changer des places j‚Äôai rachet√© des places. J ai demand√© l annulation de cet achat j esp√®re que ma demande sera prise en compte.",2021-11-11 13:33:27,FR
96,PAriane,1,False,A fuir,"{'id': 27588619, 'body': ""Bonjour Pariane, nous sommes d√©sol√©s que cette exp√©rience avec nous n'ait pas √©t√© ce que vous m√©ritez. Nous continuerons √† am√©liorer notre service et nous esp√©rons que vous puissiez nous donner une autre opportunit√© dans le but de regagner votre confiance. ![](https://backend.growthdot.com/reply-after-this/4193727_0ce9c98b-031c-4b38-998d-cfa7543e00b9.gif)\n\nFever Team"", 'modified': '2022-01-21T19:33:44Z'}","Vends des spectacles, annul√© les spectacles, rembours√© en coupons, quand les coupons sont utilis√©s pour un nouveau spectacle mais que fever annul√© ce nouveau spectacle alors ne rembourse pas / re cr√©dite pas le compte.
A √©viter",2022-01-18 19:12:07,FR
97,Azerty7852,1,False,Tr√®s d√©√ßue !,,"Je d√©conseille fortement cette appli !!
Premi√®re utilisation, je prends mon ticket. Une fois valid√© je remarque que ce n‚Äôest pas la bonne date, cela n‚Äôa apparemment pas fonctionn√© quand j‚Äôai cliqu√© sur la date. Je contacte alors imm√©diatement le Tchat, o√π l‚Äôon me dit que c‚Äôest pas possible de changer la date. J‚Äôai donc perdu 8‚Ç¨ dans le vent et aucune solution apport√©e par l‚Äôappli... c‚Äôest pas comme si j‚Äôannulais un ticket, je veux juste la bonne date !! Inadmissible. Je vous d√©conseille vraiment cette appli !!",2018-10-18 18:58:20,FR
98,Assoup01,1,False,ARNAQUE,"{'id': 23966541, 'body': ""Bonjour, nous sommes navr√©s que cette exp√©rience n'ait pas √©t√© positive pour vous. Veuillez contacter avec notre √©quipe de Satisfaction du Client via customer_satisfaction@feverup.com, afin que nous puissions traiter votre cas particulier et trouver une solution.\n\nFever Team"", 'modified': '2021-07-16T12:15:04Z'}","Pr√©lev√© 2 fois pour une sortie qui a √©t√© annul√© en derni√®re minute. 
Aucune assistance, seulement des messages automatiques apr√®s plusieurs relances et ce depuis 3 semaines. 
140‚Ç¨ partie je ne sais o√π et qui est compliqu√© voir impossible de r√©cup√©rer. 
Pas t‚Äôes honn√™te tout √ßa!",2021-07-14 06:12:27,FR
99,Goople Delepho,1,False,Tr√®s d√©√ßu,"{'id': 23082986, 'body': ""Bonjour, nous sommes sinc√®rement navr√©s que vous n'ayez pas √©t√© satisfait du service apport√©. Apr√®s v√©rification, l'un de nos agents vous a inform√© via email que, dans le cas o√π vous ne receviez pas les billets au format PDF, ceux-ci seraient directement disponibles au guichet du th√©√¢tre. Encore une fois, nous sommes d√©sol√©s pour ce malentendu. Nous restons √† votre disposition en cas de besoin. Bien √† vous,"", 'modified': '2021-05-30T06:04:28Z'}","Le concert de Beethoven aura lieu dans 2 heures au th√©√¢tre, mais je ne m‚Äôenvoye pas encore le billet PDF. Je l‚Äôai demand√© aide trois fois pendant 7 journ√©es, ils n‚Äôont fait rien !! Fever est tr√®s terrible !! Il faut faire attention d‚Äôacheter le billet ici !! Je ne l‚Äôach√®te jamais plus le billet chez fever !! Ils sont terrible !! Je suis tr√®s d√©√ßu !!",2021-05-24 15:07:06,FR
100,lysandra07,5,False,au top,"{'id': 13666289, 'body': ""Bonjour, Merci beaucoup pour tes 5 √©toiles! Nous faisons le maximum pour offrir le meilleur service √† nos utilisateurs, et ton commentaire nous fait tr√®s plaisir :) \nMerci d'utiliser Fever!\nBien √† toi,\nFever Team"", 'modified': '2020-02-24T11:28:23Z'}","l‚Äôapplication bugait comme jamais et franchement ils ont √©t√© au top pour pouvoir me r√©pondre et m‚Äôaider !
un service au top",2020-02-23 15:05:15,FR
101,Mr.mister!!!,3,False,Couvre feu,,"Bonjour, aucunes annulation ou remboursement possibles. Comment fait on pour le couvre feu ?? Merci d‚Äôavance",2020-10-15 08:08:22,FR
102,Mesrob123445,5,False,Code promo 5‚Ç¨ üõëüõëüõë,,Super application ! 5‚Ç¨ offert avec mon code promo MESROBT1,2018-04-21 14:42:35,FR
103,Appliman457,1,False,Grosse arnaque,,"J‚Äôai achet√© 5 places de cin√© pour le grand rex et 3 √©taient non valable. Le service client m‚Äôa donn√© des coupons pour acheter des places mais ils ne fonctionnaient pas.
Je n‚Äôai toujours pas √©t√© rembours√©.",2018-09-29 19:58:08,FR
104,K10Rm,5,True,Avis positif,"{'id': 8450609, 'body': ""Bonjour, Merci beaucoup pour tes 5 √©toiles! Nous sommes heureux que tu aimes l'appli autant que nous. ;) Reste attentif car nous ajoutons de nouveaux plans tous les jours... Merci d'utiliser Fever! Bien √† toi,   Fever Team"", 'modified': '2019-12-22T11:07:56Z'}",Simple a utiliser et visuellement SUPER,2019-12-22 11:07:56,FR
105,Moivivi2A,1,False,Tr√®s mauvaise exp√©rience,,Apr√®s avoir visiter leur activit√©s. Je m‚Äôaper√ßois que j‚Äôai √©t√© pr√©lev√©e sur mon compte PayPal sans avoir rien achet√© pour une activit√© de 150 euros !!!!,2018-09-30 17:56:46,FR
106,Soraashe,1,False,Des voleurs,"{'id': 21368072, 'body': ""Bonjour,\nNous nous excusons pour les d√©sagr√©ments que les changements d√ªs aux restrictions gouvernementales aient pu te causer.\nPour que nous puissions t'apporter une solution, n'h√©site pas √† nous contacter sur salut@feverup.com, ou √† r√©pondre √† nos emails si la solution propos√©e ne te convient pas. Nous serons ravis de pouvoir t'aider!\nBien √† toi,\nFever Team"", 'modified': '2021-03-01T12:34:12Z'}",Aillant acheter plusieurs tickets pour plusieurs √©v√©nements pour plus d‚Äôune 100ene d‚Äôeuro et en raison de leurs annulations par le Covid j‚Äôai demander un remboursement que je n‚Äôest jamais eu. A fuir sans aucun doute !!,2021-02-04 10:23:08,FR
107,l‚ÄôOeil de la Poule,1,False,Spectacle d√©cal√© impossible de se faire rembourser,,Spectacle d√©cal√© √† plusieurs reprises. La nouvelle date ne nous convient plus. Impossible de se faire rembourser ou d‚Äôavoir un avoir. Je d√©conseille,2021-10-02 15:01:15,FR
108,Jackparis94,5,False,top comme app,,je recommande et toutes mes sorties sont toujours super gr√¢ce √† cette app,2018-10-15 05:09:29,FR
109,lulucrotte,1,False,Tickets grand rex,,J‚Äôavais avant le confinement achet√© via Fever 5 places de cin√©ma pour le Grand Rex et je m‚Äôaper√ßois qu‚Äôelles ne sont plus dans mon panier. Fever est donc par d√©finition un voleur!,2020-10-25 18:24:58,FR
110,marieguchamps,1,False,On croit r√™ver !,,"Du grand n‚Äôimporte quoi, probl√®me avec les tickets qui ne sont toujours pas visible le jour m√™me de l‚Äô√©v√©nement.

M‚Äôaffirme que je n‚Äôai qu‚Äôune r√©servation alors que j‚Äôai pay√© pour deux.

De l‚Äôarnaque.

Impossible d‚Äôannuler la r√©servation ni m√™me de modifier la date, m√™me par temps de covid c‚Äôest honteux",2020-08-31 07:25:32,FR
111,Mosmo3000,1,False,ARNAQUEURS,,Fever est une bande d‚Äôarnaqueurs qui ne remboursent pas les clients lorsque la soir√©e est annul√©e et ne les pr√©vient pas non plus. L‚Äôappli est a fuir et √† bannir !,2020-10-06 08:11:44,FR
112,Nanou-piou,1,False,Nul,"{'id': 13993644, 'body': ""Bonjour,\nNous sommes d√©sol√©s que tu rencontres des probl√®mes avec l'appli. :(\nN'h√©site pas √† nous √©crire √† salut@feverup.com pour que nous puissions t'aider!\nBien √† toi,\nFever Team"", 'modified': '2020-03-11T22:10:39Z'}","Une application impossible √† utiliser et un SAV qui ne solutionne rien depuis plusieurs semaines... 
au bilan, pas pu tester les propositions offertes. Nul.",2020-03-02 21:10:16,FR
113,Crapotte33,1,False,Fever voleur √ßa rime !!,"{'id': 14630114, 'body': ""Bonjour,\nChez Fever, nous voulons que tu profites de ta ville en toute s√©curit√©. Nous sommes en train de mettre √† jour les plans dans l'application, en adoptant les mesures annonc√©es par les autorit√©s locales dans toutes nos villes. Nous te remercions de ta patience et ta compr√©hension! Nous informons nos utilisateurs par email des modifications en commen√ßant par les √©v√©nements les plus proches. N'h√©site pas √† nous envoyer un email √† salut@feverup.com pour que nous puissions t'apporter une r√©ponse individuelle.\nBien √† toi,\nFever Team"", 'modified': '2020-04-13T12:19:41Z'}",Je demande le remboursement des places 6 au total 2 en mars et 4 en avril Candlelight √† Bordeaux !! REMBOURSEZ,2020-03-27 11:49:09,FR
114,Izanoux,1,False,Grosse arnaque,,Ne commander pas chez Fever se sont des voleurs qui ne r√©ponde pas a leurs clients et qui encaisse votre argent sans rien en retour ATTENTION GROSSE ARNAQUE,2020-11-11 12:20:30,FR
115,vitesserapide,1,False,Probl√®me,"{'id': 26836349, 'body': ""Bonjour, nous sommes d√©sol√©s que cette exp√©rience avec notre appli n'ait pas √©t√© ce que vous m√©ritez. Malheureusement la revente de tickets n¬¥est pas autoris√©e, mais nous continuerons √† am√©liorer notre service et nous esp√©rons que vous puissiez nous donner une autre opportunit√© dans le but de regagner votre confiance."", 'modified': '2021-12-14T22:41:33Z'}","Impossible de revendre un ticket 
Du jamais vu !",2021-11-06 09:52:44,FR
116,Thomas Dch,1,False,Ne fonctionne pas,,"Impossible d‚Äôutiliser l‚Äôappli
¬´ Nous n‚Äôavons pas pu sauvegarder vos centres d‚Äôinter√™t ¬ª",2018-10-16 18:33:39,FR
117,mr. toinouki,1,False,√Ä √âVITER,,"Grosse arnaque ! Suite √† un spectacle annul√© (Sleepy Hollow), impossible de se faire rembourser les places. √Ä fuir !!!",2020-11-30 20:20:20,FR
118,lucilleSL1,5,False,Doing something different,"{'id': 9673966, 'body': ""Hi Lucille! Thank you very much for your 5 stars! We are really happy you enjoy the app as much as we do! Don't forget to check out the amazing new plans we found for you :) Thanks for using Fever! Kind regards, Fever Team"", 'modified': '2019-07-15T21:41:18Z'}","Great app to discover new events and plan original nights with my friends! 
The app itself is very easy to use and you can book the tickets directly, love it!",2019-07-14 09:09:47,FR
119,Ivanr75,1,False,impossible d'accepter les termes....,"{'id': 12724595, 'body': ""Bonjour Ivan, Nous sommes d√©sol√©s que tu rencontres des probl√®mes avec l'appli. :( N'h√©site pas √† nous √©crire √† salut@feverup.com pour que nous puissions t'aider! Bien √† toi, Fever Team"", 'modified': '2020-01-04T22:16:10Z'}","bonjour
la premiere page d'acceptation des termes etc. pour lancer l'application est mal positionn√©e sur mon ecran, trop grande, je ne peux pas accepter les termes et demarrer l'application",2020-01-01 10:16:16,FR
120,Laurecm,5,False,Exelente,,"Quieres 5 euros ? Pon en tu perfil, en cupones : LAUREC2 

Tu veux 5 euros ? Va dans ton profil et met dans les coupons LAUREC2",2016-01-30 14:12:30,FR
121,elsatsrd,3,False,Plut√¥t cool,,Bonne id√©e pour d√©couvrir des activit√©s. Mon code pour avoir 5‚Ç¨ ELSAT24,2018-01-28 15:29:20,FR
122,Danydantlv,1,False,Conditions g√©n√©rales,"{'id': 9720580, 'body': ""Bonjour Dany, Nous sommes d√©sol√©s que tu aies rencontr√© un probl√®me avec l'appli. :(  Nous sommes √† ta disposition si tu as besoin d'aide pour quoi que ce soit, n'h√©site pas √† nous √©crire √† salut@feverup.com  Bien √† toi,  Fever Team"", 'modified': '2019-07-18T06:58:50Z'}",Impossible de passer le menu d‚Äôaccepter les conditions g√©n√©rales ...,2019-07-17 20:28:17,FR
123,1Ngtz,1,False,SCAM,"{'id': 14893870, 'body': ""Hello, \n\nWe are very sorry for the inconveniences, can you please email us at hello@feverup.com? We'll be able to assist you and sort this issue in the best way possible. \n\nOnce again, we want to thank you in advance for your patience and understanding at this time, and we hope that soon we can all enjoy our city safely again.\r\n\nKind regards, "", 'modified': '2020-04-24T15:57:39Z'}","What a SCAM ! The concert I booked never took place and it‚Äôs been 2 months now that I have been writing emails to get my money back but they keep saying I should chose another show instead !! I don‚Äôt want another show, I just need my 70‚Ç¨ back. Everybody‚Äôs suffering from the crisis, not a reason to abuse clients‚Äô trust. Terrible service !",2020-04-23 16:36:50,FR
124,Kaychyle,1,False,ESCROQUERIE,"{'id': 24743581, 'body': ""Votre cas a peut-√™tre √©t√© mal analys√©. Pourriez-vous s'il vous pla√Æt nous contacter √† cette adresse mail: customer_satisfaction@feverup.com afin d'analyser de nouveau votre cas et de vous apporter une meilleure satisfaction?\n![](https://backend.growthdot.com/api/mail-tracking/resources/2524755_1f2d88f6-2e65-4322-a5a3-be5c9690105f.gif)\n\nFever Team"", 'modified': '2021-08-26T21:34:45Z'}","Malgr√© une promesse √©crite pour un avoir, plus aucun retour de leur part.!",2021-08-25 16:06:24,FR
125,Tom102304,1,True,Privacy please,"{'id': 13584662, 'body': ""Hello Tom,\nWe are sorry you didn't enjoy the app :( Fever uses this connection to discover your interests and to avoid filling lengthy forms in order to offer you the plans that fit you best ;) We only think of your maximum convenience! Moreover, we take your privacy very seriously and we will never sell or give your personal data up for marketing. Remember that you can always contact us at hello@feverup.com and tell us about your doubts. Kind regards, Fever Team"", 'modified': '2020-02-20T05:43:11Z'}","I will use it when it can sign up with an email without giving my Facebook or google account

I don‚Äôt use Facebook nor Google. It makes the creation a very long process then...",2020-02-20 05:43:11,FR
126,Chedax,3,False,Easy,"{'id': 8450613, 'body': 'Hi there! Thanks for your feedback. We are sorry you were not totally satisfied with the solution provided. :( Our goal is to help our users as much as we can, so we take your comment into account in order to continue to improve. We remain at your disposal if you need anything. Best regards,   Fever Team', 'modified': '2019-04-30T14:15:26Z'}","Mistakenly bought a ticket. Replaced me
With a voucher",2019-03-29 09:46:16,FR
127,bathgou,1,False,Avis n√©gatif,,Avis n√©gatif. Service apr√®s vente non satisfaisant,2020-11-07 15:13:58,FR
128,ibger,1,False,Scam,"{'id': 21368082, 'body': 'Hello,\nWe are sorry to hear that you are having issues with the app. Please feel free to contact us at hello@feverup.com, we will be happy to help you!\nWe can assure you that we are not fake, we have been operating for more than 6 years and we are present in more than 30 major cities around the world, including London, New York, Madrid, Paris and Sao Paulo.\nWe will be awaiting your email. :)\nKind regards,\nFever Team', 'modified': '2021-03-01T12:34:27Z'}",Fake and logs me out constantly,2021-02-17 20:53:41,FR
129,Aymeric chanssaud,5,False,Aymeric,,Me encanta,2015-07-08 16:54:48,FR
130,Hjf'fkzbfland,5,False,F,,Great,2015-11-17 09:59:26,FR
131,Manouep1,5,False,FEVER,,Amazing app !!!!,2015-04-27 11:41:58,FR
132,jeanvaljean75,1,False,Facebook obligatoire,,"Tout est dit, l'appli pour d√©marrer veut tout savoir sur moi pour d√©marrer -> poubelle",2015-12-06 09:38:00,FR
133,Pierre Pedro,5,False,Amazing app!!!,,Fever is just amazing,2015-04-27 18:04:33,FR
134,Matteo Trapella,4,False,Amazing app,,Amazing app!! I discovered very fun places!!! I cant wait to see more!!,2015-04-27 10:49:18,FR
135,Pato Lukas!!!,5,False,Excellent,"{'id': 25187046, 'body': 'Hola,Much√≠simas gracias por tomarte el tiempo de dejarnos una buena rese√±a. Esperamos que Fever te siga brindando experiencias √∫nicas en tu ciudad.', 'modified': '2021-09-19T08:43:14Z'}",Buena formula para encontrar un programa concierto o actividad que hacer!!!,2021-09-17 17:00:53,FR
136,rabbigad,5,False,Perfecto,,"Problemas? Soluci√≥n 
Autentico a los clientes 
Encima t propones cosas atractiva sa

Gracias",2020-09-09 19:56:51,FR
137,Resfa75,1,False,Nul,"{'id': 9370244, 'body': ""Bonjour,  Nous sommes tristes que tu n'aies pas aim√© l'appli :(  Nous sommes toujours √† l'√©coute de toute suggestion pour nous am√©liorer... Si tu le souhaites, tu peux nous √©crire √† salut@feverup.com pour nous faire part de tes remarques ou de tes id√©es.  Bien √† toi,  Fever Team"", 'modified': '2019-06-26T21:59:38Z'}",Application inutile,2019-06-22 20:28:15,FR
138,Ed liareb,1,False,Billets pour un spectacle,"{'id': 26107182, 'body': ""Bonjour Ed, nous sommes navr√©s que cette exp√©rience n'ait pas √©t√© positive pour vous. Veuillez contacter avec notre √©quipe de Satisfaction du Client via customer_satisfaction@feverup.com, afin que nous puissions traiter votre cas particulier et trouver une solution."", 'modified': '2021-11-05T22:14:04Z'}",J‚Äôai pris des tickets le 20/10/2021 par Fever pour une soir√©e Candlelight. √† ce jour je n‚Äôai toujours pas re√ßu mes billets et j‚Äôai √©t√© d√©bit√© 2x du montant.je n‚Äôarrive pas √† joindre quelqu‚Äôun et le num√©ro de t√©l√©phone donne une plate-forme en anglais,2021-11-03 17:44:14,FR
139,mjo gar,1,False,Concert manqu√© le mercredi 23 septembre,,"Nous avons rat√© le concert de mercredi 23 septembre . L'adresse a √©t√© chang√©e ....
Nous ne le savions pas !!
Pourriez vous nous rembourser ou nous faire profiter d'un autre concert ?
Il parait que vous ne r√©pondez jamais et de plus en plus de monde parle de vous comme d'une arnaque.
J'avais l'impression que non mais je verrai bien si vous r√©pondez ou pas.
Cordialement 
Mme Garcia 
Mon mail : garcia.marie-josee@orange .fr",2020-09-26 15:57:33,FR
140,di√®se5,5,False,Concert du 5 f√©vrier...üëçüòç,"{'id': 13359591, 'body': ""Bonjour,\r\nMerci beaucoup pour tes 5 √©toiles! Nous sommes ravis que tu aies appr√©ci√© l'√©v√©nement et d'avoir pu t'aider! :)\nMerci d'utiliser Fever!\nBien √† toi,\nFever Team"", 'modified': '2020-02-07T20:13:08Z'}","1√®re fois,contact avec Fever.
Accueil √† Saint Pothin Lyon:impeccable et il y a 15 jours environ vous m‚Äôavez rembours√© 2 places que j‚Äôavais prises en trop.merci.",2020-02-06 03:46:23,FR
141,Ed liareb,1,False,Billets pour un spectacle,"{'id': 26107182, 'body': ""Bonjour Ed, nous sommes navr√©s que cette exp√©rience n'ait pas √©t√© positive pour vous. Veuillez contacter avec notre √©quipe de Satisfaction du Client via customer_satisfaction@feverup.com, afin que nous puissions traiter votre cas particulier et trouver une solution."", 'modified': '2021-11-05T22:14:04Z'}",J‚Äôai pris des tickets le 20/10/2021 par Fever pour une soir√©e Candlelight. √† ce jour je n‚Äôai toujours pas re√ßu mes billets et j‚Äôai √©t√© d√©bit√© 2x du montant.je n‚Äôarrive pas √† joindre quelqu‚Äôun et le num√©ro de t√©l√©phone donne une plate-forme en anglais,2021-11-03 17:44:14,FR
142,mjo gar,1,False,Concert manqu√© le mercredi 23 septembre,,"Nous avons rat√© le concert de mercredi 23 septembre . L'adresse a √©t√© chang√©e ....
Nous ne le savions pas !!
Pourriez vous nous rembourser ou nous faire profiter d'un autre concert ?
Il parait que vous ne r√©pondez jamais et de plus en plus de monde parle de vous comme d'une arnaque.
J'avais l'impression que non mais je verrai bien si vous r√©pondez ou pas.
Cordialement 
Mme Garcia 
Mon mail : garcia.marie-josee@orange .fr",2020-09-26 15:57:33,FR
143,letboa,1,False,D‚Äôune m√©diocrit√© incroyable.,,D‚Äôune m√©diocrit√© incroyable.,2020-09-10 13:02:16,FR
144,tysiit,5,False,Yohann G,,Plein d‚Äôactivit√©s et plein de th√®mes,2018-08-05 14:14:22,FR
145,lauriebncn,5,False,Great,,"My code: LAURIEB27 
Put it and win 4¬£ of reward to use on!",2016-09-22 20:17:33,FR
