,review,userName,isEdited,date,title,rating,developerResponse,country
0,"Lo recomiendo mucho, ya que dan informaci√≥n de eventos diferentes a lo que com√∫nmente se hace en el fin de semana. Te abonan dinero por cada evento al que asistas y su organizaci√≥n en la ubicaci√≥n es muy controlada.",aylyl,False,2022-02-15 05:14:15,Ideal para descubrir eventos en tu ciudad,5,,MX
1,Como siempre los norteamericanos haciendo menos a mi pa√≠s... que asco de app tan discriminante !!! Adi√≥s a la app !!,L.T.F.Gaby,False,2019-03-26 07:56:36,No est√° Mexico,1,,MX
2,Se ha vuelto imprescindible para buscar planazos y que hacer en Sevilla (o m√°s ciudades). Precios mucho m√°s bajos que comprando directo y adem√°s vas acumulando % como cr√©dito. Encantada con haberla descubierto :D,anasflor92,False,2022-01-21 20:37:44,Tienes que descargarla!,5,,MX
3,"La p√°gina web no coincide con la app, no es posible que est√©n a cargo de eventos y no puedes resolver cosas ni usar la aplicaci√≥n.
Tambi√©n hay muchos problemas para acceder si no quieres sincronizarla con otras cuentas.",javsjanalopooenndd,False,2022-01-22 21:25:36,Falta de ciudades,1,"{'id': 27636584, 'body': 'Hola. Lamentamos que tu experiencia con nosotros no haya sido positiva. Por favor cont√°ctanos a customer_satisfaction@feverup.com en cuanto antes para priorizar tu caso y ofrecerte una soluci√≥n.', 'modified': '2022-01-24T19:21:45Z'}",MX
4,Magnifica Exposici√≥n. Me encanto ü§©,DulceYv,False,2022-01-02 23:45:36,Excelente.,5,"{'id': 27285010, 'body': 'Hola. Much√≠simas gracias por tomarte el tiempo de calificar nuestro evento. Esperamos que Fever te siga brindando experiencias √∫nicas en tu ciudad.', 'modified': '2022-01-06T19:52:43Z'}",MX
5,Est√° incre√≠ble y muy bien dise√±ada la app   comprar y ver los eventos disponibles,Karen Brn,False,2022-01-02 16:11:02,Excelente!!!,5,"{'id': 27212725, 'body': 'Hola, Karen. El equipo de Fever est√° muy agradecido de tu buena calificaci√≥n. Aseg√∫rate de descargar nuestra app para que no pierdas detalle de los cientos de planes que ofrecemos en tu ciudad. ¬°Gracias por usar Fever!', 'modified': '2022-01-03T20:31:31Z'}",MX
6,Hermosa experiencia!,Blanch 73,False,2022-01-01 20:07:40,Capilla sixtina,5,"{'id': 27212750, 'body': 'Hola. Much√≠simas gracias por tomarte el tiempo de calificar nuestro evento. Esperamos que Fever te siga brindando experiencias √∫nicas en tu ciudad.', 'modified': '2022-01-03T20:33:33Z'}",MX
7,"It is a great app for making up plans  with our friends or partners, even alone! There‚Äôs so much to do!",Izux2000,False,2021-12-29 05:13:05,Best to make plans!,5,,MX
8,"Buenos espect√°culos, app f√°cil de usar h sin recargos",GOMS-2021,False,2021-12-12 18:18:44,Excelente,5,"{'id': 26829771, 'body': 'Much√≠simas gracias por tu buena calificaci√≥n a nuestro servicio. Esperamos seguirte brindando las mejores experiencias en el futuro. Un abrazo de parte de todo el equipo de Fever :)', 'modified': '2021-12-14T14:51:48Z'}",MX
9,Ya tuve,Trish Bosch,False,2021-12-01 05:23:45,"Experiencias m√°gicas ! Van Gogh, Capilla Sixtina y los que siguen‚Ä¶",5,"{'id': 26836504, 'body': 'Trish, desde el equipo de Fever estamos muy honrados de que nos des 5 estrellas por el servicio que te ofrecimos. Gracias a ti por contactar con Fever y esperamos verte pronto en alguno de nuestros eventos.', 'modified': '2021-12-14T23:03:57Z'}",MX
10,No aparece GDLü•≤,"oyv,?<",False,2021-12-03 17:05:47,Help,1,"{'id': 26643415, 'body': 'Hola. Sentimos que tu experiencia no haya sido la mejor. Por favor, cont√°ctanos a customer_satisfacion@feverup.com para poder estudiar tu caso y, si es posible, ofrecer una soluci√≥n alternativa. Gracias.', 'modified': '2021-12-04T22:04:10Z'}",MX
11,"Tiene el cat√°logo de los mejores eventos de la ciudad, adem√°s que ofrece un monedero virtual en cada compra. Genial!",Escran1,False,2021-11-03 01:48:40,App Fant√°stica,5,"{'id': 26074750, 'body': 'Hola! Gracias por tu rese√±a tan positiva! Esperamos verte pronto en futuros eventos Fever :) ![](https://backend.growthdot.com/reply-after-this/3381879_257f7590-ade1-4116-bbf9-822644ab6766.gif)\n\nFever Team', 'modified': '2021-11-04T09:13:39Z'}",MX
12,"Est√°n muy bien las descripciones e informaci√≥n. Bien organizado.
Solo si aceptaran pagos con PayPal y permitir b√∫squeda por lugar estar√≠a mucho mejor. Si quiero saber qu√© va a haber en un foro que me queda muy c√≥modo no es posible filtrarlo‚Ä¶.",AMM23,False,2021-11-05 22:20:56,Muy bien peero‚Ä¶,4,"{'id': 26120514, 'body': 'Hola! Gracias por tus sugerencias. Nos aseguraremos de enviarlas al departamento correcto y as√≠ tomarlas en cuenta a futuro :) ![](https://backend.growthdot.com/reply-after-this/3419752_c41e8843-ab8c-471c-82a3-325cdbe4e228.gif)\n\nFever Team', 'modified': '2021-11-07T10:36:25Z'}",MX
13,"El domingo 3 de octubre, mi hija nos invit√≥ a mi esposa y a mi a celebrar nuestras bodas de plata con el m√°gico concierto de las Cuatro Estaciones de Vivaldi en el Nacional Monte de Piedad del centro hist√≥rico de la CDMX 

La orquesta toca incre√≠blemente bien, la solista Aura tiene una pasi√≥n contagiosa, el escenario es espectacular, y todo el concepto de la luz de las velas hacen de esta experiencia un ‚Äúmust‚Äù para los que buscan la belleza en esta vida, a pesar de las circunstancias econ√≥mico-pol√≠tico-sanitarias tan complejas que estamos viviendo!",Jip y Alf,False,2021-10-04 16:42:53,Noche m√°gica by Fever,5,"{'id': 25579010, 'body': '¬°Hola! Much√≠simas gracias por tomarte el tiempo de dejarnos esta rese√±a tan positiva y detallada. Nos encanta saber que pudimos brindarte una experiencia as√≠ de especial y m√°gica. Un abrazo de parte de todo el equipo de Fever ‚ù§Ô∏è', 'modified': '2021-10-08T21:33:45Z'}",MX
14,"Si quieres modificar tus tickets se quedan con tu dinero justificando que est√° en los t√©rminos que aceptaste los cuales nunca los muestran. 
P√©sima atenci√≥n a clientes.",danieevmtz,False,2021-10-25 14:42:53,Buena app pero p√©simo trato,1,"{'id': 25913210, 'body': 'Hola. Sentimos que tu experiencia no haya sido la mejor. Por favor, cont√°ctanos a customer_satisfacion@feverup.com para poder estudiar tu caso y, si es posible, ofrecer una soluci√≥n alternativa. Gracias. ![](https://backend.growthdot.com/reply-after-this/3276335_f95aa2b4-bddb-46f1-a4dc-59f10f803b38.gif)\n\nFever Team', 'modified': '2021-10-26T21:51:43Z'}",MX
15,Disfrute mucho del concierto de anime! A darle oportunidad a m√°s experiencias,Kikyo30,False,2021-08-28 05:03:05,Excelente,5,"{'id': 24780631, 'body': 'Hola. Much√≠simas gracias por tu buena calificaci√≥n. Esperamos seguirte brindando las mejores experiencias en el futuro. Un abrazo de parte de todo el equipo de Fever :) ![](https://backend.growthdot.com/api/mail-tracking/resources/2551842_41a9c47d-fdda-4e95-9c9a-70f391b1574d.gif)\n\nFever Team', 'modified': '2021-08-29T10:39:58Z'}",MX
16,"Fue una experiencia maravillosa, todo muy organizado. El cuarteto de cuerdas toc√≥ hermoso, las bailarinas fueron estupendas. Hay muchas medidas de seguridad de acuerdo al covid",Lolates,False,2021-07-20 04:41:12,Candlelight,5,"{'id': 24067869, 'body': 'Gracias por tu rese√±a tan positiva! Nos complace saber que has disfrutado tanto de nuestro evento üòä\u200b\n\nFever Team', 'modified': '2021-07-22T10:23:58Z'}",MX
17,"Compre dos boletos para una fecha importante y una semana antes cambiaron el evento, imponiendo una fecha y horario que ellos quisieron. No les importa tu tiempo o si lo planeaste, y como se les ocurre hacer un avent√≥ el domingo a las 8 de la noche. Por lo menos hubieran respetado el d√≠a y horario.",Enrique6913,False,2021-08-13 15:27:32,No compren,1,"{'id': 24533888, 'body': 'Hola, Enrique.\nSentimos que tu experiencia con nosotros no haya sido positiva. Si no est√°s de acuerdo con la soluci√≥n que te ofrecimos, contacta nuevamente con nuestro equipo de User Support para reabrir tu caso y ver qu√© otra soluci√≥n podemos ofrecerte.\nPerdona las molestias. ![](https://backend.growthdot.com/api/mail-tracking/resources/2405620_c31b8481-7fab-4f68-9f6f-1f923fb886f2.gif)\n\nFever Team', 'modified': '2021-08-16T15:09:15Z'}",MX
18,Me encanto la app y los eventos est√°n geniales,Ladydragon3,False,2021-07-10 02:32:31,Excelente,5,"{'id': 23860209, 'body': 'Gracias por tu rese√±a positiva! Nos complace saber que nuestra app te ha gustado tanto üòç\u200b\n\nFever Team', 'modified': '2021-07-11T09:44:52Z'}",MX
19,"P√©sima aplicaci√≥n! Los eventos que hacen son fantasma! Compr√© una clase de cocina, la chef lleg√≥ al lugar pero porque da la clase con otra aplicaci√≥n! Nos estafaron!!! En total √©ramos 8 personas!! QUE QUEDE CLARO!!! La chef no tienen nada que ver!! Es la aplicaci√≥n! P√©simo!!!! 
Y por comentarios anteriores veo que ni si quiera me van a regresar el dinero üò°üò°üò°üò°",K-no19,False,2021-07-12 17:26:03,NO COMPREN NADA!!!!,1,"{'id': 23923919, 'body': 'Hola! Lamentamos las inconveniencias causadas con tu evento. Por favor ponte en contacto con customer_satisfaction@feverup.com en cuanto antes para poder echarle un vistazo a tu caso y asistirte correctamente. Gracias!\n\nFever Team', 'modified': '2021-07-14T11:25:01Z'}",MX
20,Excelente atenci√≥n v√≠a correo. Atendieron mi solicitud de manera impecable.,Guada102,False,2021-07-06 22:30:45,Me ofrecieron opciones para mis tickets pandemicos,5,"{'id': 23825431, 'body': 'Hola, Guada. Gracias a ti por trabajar con nosotros en solucionar tu incidencia y por dejarnos esta rese√±a. Recibe un gran abrazo de parte de todo el equipo de Fever ü§ó\n\nFever Team', 'modified': '2021-07-08T16:38:38Z'}",MX
21,Los mejores planes los encuentro aqu√≠,FerCarrera,False,2021-06-13 19:53:39,Excelente App,5,"{'id': 23417314, 'body': 'Gracias por tu rese√±a, Fer! En Fever, trabajamos incansablemente para ofrecer a nuestros usuarios con la mayor variedad de opciones en cuanto a ocio, por lo que nos complace o√≠r tu opini√≥n positiva sobre nuestra app.', 'modified': '2021-06-16T10:46:27Z'}",MX
22,"NO COMPREN BOLETOS!!!!! Es una estafa solo te roban me cancelaron y ‚Äúte agendaron el concierto‚Äù y ya me hicieron perdidos mis boletos ya ni siquiera tengo cuenta de usuario, me la borraron. Y la misma aplicaci√≥n te hace hacer una nueva y luego se lavan las manos diciendo que podr√≠a ocurrir eso.",edmundo gabriel gutierrez,False,2021-07-01 07:34:55,NO COMPREN BOLETOS,1,"{'id': 23726661, 'body': 'Hola, Edmundo. Sentimos mucho que no hayas tenido la mejor experiencia con nosotros. Nos hemos puesto en contacto para solucionar tu incidencia. ¬°Saludos!\n\nFever Team', 'modified': '2021-07-03T21:11:34Z'}",MX
23,Los costos son excesivos para lo que recibes. No lo intentes checa bien!!,jayluisrock,False,2021-06-30 05:41:30,TERRIBLE,1,"{'id': 23724446, 'body': 'Hola, Jay. Muchas gracias por compartir tu rese√±a. Sentimos que no te sientas a gusto con nuestro servicio, pero trabajaremos para aportar planes de todos los tipos y costes. Te esperamos en alguno de nuestros eventos. Saludos.\n\nFever Team', 'modified': '2021-07-03T14:37:17Z'}",MX
24,"Es una tranza. Ya hay informaci√≥n en google al respecto. Me la aplicaron, compr√© boletos, reagendaron el evento, luego cancelan y te ofrecen tu dinero en bono para comprar m√°s boletos (de eventos que NO se van a hacer). Ped√≠ mi reembolso y llevo 2 meses escribi√©ndoles diario.",Guapilator,False,2021-06-28 23:44:45,Tranza,1,"{'id': 23716291, 'body': '¬°Hola! Lamentamos que tu experiencia con nosotros no haya sido la que te mereces. ¬øPodr√≠as contarnos un poco m√°s de tu caso en customer_satisfaction@feverup.com? ¬°Gracias!\n\nFever Team', 'modified': '2021-07-02T17:08:04Z'}",MX
25,"Sinceramente muy pocas aplicaciones de eventos sirven tambi√©n como est√°, FEVER no s√≥lo tienen los mejores eventos si no la opci√≥n m√°s r√°pida para acceder a ellos.",Victoria Colmenares3,False,2021-05-24 05:01:55,Amante de esta aplicaci√≥n,5,"{'id': 23199386, 'body': 'Hola Victoria! Muchas gracias por tu rese√±a (: Estamos muy felices de que est√©s disfrutando de nuestra aplicaci√≥n Fever. Siempre estamos trabajando para ofrecer los mejores y m√°s originales planes (: Un saludo!', 'modified': '2021-06-04T13:47:00Z'}",MX
26,Tengo problemas al realizar un pago pongo mis datos de la tarjeta y este los rechaza no se si sea por el C.P. que sepa yo es c√≥digo postal pero no se si en esta app tenga otro significado.,geragux,False,2021-06-08 18:46:12,Buena,4,"{'id': 23308324, 'body': 'Hola! Lamentamos que est√©s teniendo problemas para realizar una compra. En estos casos, usualmente hay problemas con el banco en espec√≠fico, ya que no solemos tener problemas de pago. Por favor intenta hacer tu compra con un m√©todo de pago diferente, como otra tarjeta de cr√©dito o PayPal. Lamentamos las inconveniencias!', 'modified': '2021-06-10T12:15:38Z'}",MX
27,Deber√≠an de ponerla en la CDMX pues es una de las m√°s grandes del mundo.,AdrianC.Cohen,False,2018-01-06 23:01:48,MEXICO,5,,MX
28,Me cancelaron un concierto de candlelight el mismo d√≠a sin avisar y no me regresan a√∫n mi dinero. Y si centro de atenci√≥n a clientes mal√≠simo.,Alvarofap,False,2021-05-12 22:50:44,Roban.,1,"{'id': 22830465, 'body': 'Hola Alvaro, sentimos mucho que te sientas as√≠. Por favor si no te sientes satisfecho con la soluci√≥n brindada cont√°ctanos nuevamente con tu requerimiento y te ayudaremos lo m√°s pronto posible. Nuestro equipo de atenci√≥n al cliente est√° trabajando arduamente para atender todas las incidencias. Un saludo!', 'modified': '2021-05-16T13:47:02Z'}",MX
29,"Los eventos se ven muy interesantes, pero la app no me permite la compra de tickets... una l√°stima.",AleMer5,False,2021-03-04 19:22:19,No se pueden comprar tickets,2,"{'id': 21592558, 'body': 'Hola!\n\nLamentamos que tengas problemas con la App.\n\nTe dejamos algunos consejos que resuelven este tipo de errores:\n\nAseg√∫rate siempre de tener la √∫ltima versi√≥n de la app, ya que en ella se habr√°n arreglado peque√±os errores que conten√≠a la anterior. Acude a la store donde te descargas las app de tu tel√©fono, busca Fever, y comprueba si puedes actualizar la versi√≥n que ya tienes instalada.\n\nCierra sesi√≥n en la app y vuelve a abrirla (lo puedes hacer desde ""Ajustes"" y despu√©s ""Salir""). Acto seguido, sal de la aplicaci√≥n y vuelve a entrar.\n\nSi te sigue dando problemas, reiniciar el tel√©fono siempre ayuda a borrar procesos que se han quedado colgados.\n\nRecuerda que siempre puedes contactarnos a hola@feverup.com y estaremos encantados de ayudarte :)\n\nUn saludo,', 'modified': '2021-03-11T14:52:04Z'}",MX
30,"I love this app!! It have a lot of good activities and prices, the attention service are good and if i have any question about any activities I can ask to a live chat and they will answer me fast. 
Good app.",AleAvaG1988,False,2017-01-05 14:35:10,The best,5,,MX
31,"I really like this app, you could find...",Xavll,False,2016-05-22 14:19:02,Excellent,5,,MX
32,Amazing!,Ti TaL,False,2016-01-16 11:24:22,Lovely!,5,,MX
33,"He venido de muy lejos y me ofrece muchas facilidades para conocer amig@s de aqu√≠ de Barcelona y de todo el mundo, adem√°s de los mejores descuentos. ¬°Aplicaci√≥n champagne!",H√©ctor Alcaraz,False,2015-10-07 20:11:10,¬°Extraordinaria aplicaci√≥n!,5,,MX
34,Descubres nuevos sitios y siempre tienes alg√∫n plan para hacer :),Lorena Mart√≠,False,2015-09-04 19:39:39,Muy √∫til !!,5,,MX
35,Felicidades buena app,Ricky Trujeque,False,2015-07-05 21:32:18,Buena app,5,,MX
36,"Le√≠ una historia muy divertida ocasionada por fever, me encantar√≠a probarlo en mi ciudad. :)",Nicole Reyes Lerma,False,2014-12-05 02:54:36,MEXICOOOOOOO,5,,MX
